result_id,display_label,value,value_type,unit,denominator_value,denominator_unit,evidence_level,limitation,missing_status,suppression_status,source_artifact,source_sha256
uptake.hospitals_ever_observed,Hospitals with observed coded therapeutic ERCP use,445.0,numeric,hospitals,NA,NA,descriptive,"This is observed uptake, not a true technology-adoption date.",not_missing,not_suppressed,reports/stage07/aim1_v2/aim1_descriptive_audit.json,99ff4a0eb1a75aa575d94636df0f16e81aa419b4b6474ca16139bb82d475f992
uptake.left_censored_202101,Prevalent users at the January 2021 boundary,23.0,numeric,hospitals,445.0,hospitals ever observed,descriptive,The observation boundary cannot distinguish earlier use from first use.,not_missing,not_suppressed,reports/stage07/aim1_v2/aim1_descriptive_audit.json,99ff4a0eb1a75aa575d94636df0f16e81aa419b4b6474ca16139bb82d475f992
uptake.first_observed_2021,First observed coded use in 2021,176.0,numeric,hospitals,445.0,hospitals ever observed,descriptive,First observed coded use is not a true adoption date.,not_missing,not_suppressed,reports/stage07/aim1_v2/aim1_descriptive_audit.json,99ff4a0eb1a75aa575d94636df0f16e81aa419b4b6474ca16139bb82d475f992
uptake.first_observed_2022,First observed coded use in 2022,83.0,numeric,hospitals,445.0,hospitals ever observed,descriptive,First observed coded use is not a true adoption date.,not_missing,not_suppressed,reports/stage07/aim1_v2/aim1_descriptive_audit.json,99ff4a0eb1a75aa575d94636df0f16e81aa419b4b6474ca16139bb82d475f992
uptake.first_observed_2023,First observed coded use in 2023,66.0,numeric,hospitals,445.0,hospitals ever observed,descriptive,First observed coded use is not a true adoption date.,not_missing,not_suppressed,reports/stage07/aim1_v2/aim1_descriptive_audit.json,99ff4a0eb1a75aa575d94636df0f16e81aa419b4b6474ca16139bb82d475f992
uptake.first_observed_2024,First observed coded use in 2024,63.0,numeric,hospitals,445.0,hospitals ever observed,descriptive,First observed coded use is not a true adoption date.,not_missing,not_suppressed,reports/stage07/aim1_v2/aim1_descriptive_audit.json,99ff4a0eb1a75aa575d94636df0f16e81aa419b4b6474ca16139bb82d475f992
uptake.first_observed_2025,First observed coded use in 2025,57.0,numeric,hospitals,445.0,hospitals ever observed,descriptive,First observed coded use is not a true adoption date.,not_missing,not_suppressed,reports/stage07/aim1_v2/aim1_descriptive_audit.json,99ff4a0eb1a75aa575d94636df0f16e81aa419b4b6474ca16139bb82d475f992
maintenance.first_completed_12m,Maintained service through first completed 12 months,252.0,numeric,hospitals,390.0,first-12-month evaluable hospitals,descriptive,Maintenance is defined from coded billing continuity rather than audited service capacity.,not_missing,not_suppressed,reports/stage07/aim1_v2/aim1_descriptive_audit.json,99ff4a0eb1a75aa575d94636df0f16e81aa419b4b6474ca16139bb82d475f992
uptake.model_status,First-observed-use model status,PASS_WITH_WARNING,string,status,NA,NA,associational,Primary EPV was below the conventional 10-per-parameter heuristic; results are associational.,not_applicable,not_applicable,reports/stage07/aim1_v2/attempt3/aim1_uptake_audit.json,1ce239862691d9b009f58d9393ea4f5c32faffb714bbe6ce80f745e46848a84a
