source_dataset,SP_CNES,first_observed_month,left_censored_prevalent_202101,ever_maintained_6of12,any_cessation_event,any_recovery_event,maintained_first_completed_12m,maintained_last_evaluable_window,last_evaluable_window_month,first_observed_year,source_artifact,source_sha256
maintenance_risk_set,0000396,202106,False,True,True,True,False,True,202512,2021,aim1_hospital_continuity.parquet,528628b255700c3c5a266029ef99a9c863d86aef97ad08e0d26f7905e3adcd01
maintenance_risk_set,0000418,202302,False,True,False,False,False,True,202512,2023,aim1_hospital_continuity.parquet,528628b255700c3c5a266029ef99a9c863d86aef97ad08e0d26f7905e3adcd01
maintenance_risk_set,0000426,202312,False,True,False,False,True,True,202512,2023,aim1_hospital_continuity.parquet,528628b255700c3c5a266029ef99a9c863d86aef97ad08e0d26f7905e3adcd01
maintenance_risk_set,0000434,202101,True,True,False,False,True,True,202512,2021,aim1_hospital_continuity.parquet,528628b255700c3c5a266029ef99a9c863d86aef97ad08e0d26f7905e3adcd01
maintenance_risk_set,0000477,202108,False,True,False,False,True,True,202512,2021,aim1_hospital_continuity.parquet,528628b255700c3c5a266029ef99a9c863d86aef97ad08e0d26f7905e3adcd01
maintenance_risk_set,0000655,202202,False,True,False,False,True,True,202512,2022,aim1_hospital_continuity.parquet,528628b255700c3c5a266029ef99a9c863d86aef97ad08e0d26f7905e3adcd01
maintenance_risk_set,0002283,202108,False,True,False,False,True,True,202512,2021,aim1_hospital_continuity.parquet,528628b255700c3c5a266029ef99a9c863d86aef97ad08e0d26f7905e3adcd01
maintenance_risk_set,0002534,202102,False,True,True,True,True,False,202512,2021,aim1_hospital_continuity.parquet,528628b255700c3c5a266029ef99a9c863d86aef97ad08e0d26f7905e3adcd01
maintenance_risk_set,0003816,202102,False,True,False,False,True,True,202512,2021,aim1_hospital_continuity.parquet,528628b255700c3c5a266029ef99a9c863d86aef97ad08e0d26f7905e3adcd01
maintenance_risk_set,0003832,202407,False,False,True,True,False,False,202512,2024,aim1_hospital_continuity.parquet,528628b255700c3c5a266029ef99a9c863d86aef97ad08e0d26f7905e3adcd01
maintenance_risk_set,0003859,202104,False,True,False,False,True,True,202512,2021,aim1_hospital_continuity.parquet,528628b255700c3c5a266029ef99a9c863d86aef97ad08e0d26f7905e3adcd01
maintenance_risk_set,0004251,202203,False,True,False,False,True,True,202512,2022,aim1_hospital_continuity.parquet,528628b255700c3c5a266029ef99a9c863d86aef97ad08e0d26f7905e3adcd01
maintenance_risk_set,0008028,202502,False,False,False,False,NA,NA,NA,2025,aim1_hospital_continuity.parquet,528628b255700c3c5a266029ef99a9c863d86aef97ad08e0d26f7905e3adcd01
maintenance_risk_set,0008052,202303,False,True,True,False,True,False,202512,2023,aim1_hospital_continuity.parquet,528628b255700c3c5a266029ef99a9c863d86aef97ad08e0d26f7905e3adcd01
maintenance_risk_set,0008923,202107,False,False,True,False,False,False,202512,2021,aim1_hospital_continuity.parquet,528628b255700c3c5a266029ef99a9c863d86aef97ad08e0d26f7905e3adcd01
maintenance_risk_set,0009601,202408,False,True,False,False,True,True,202512,2024,aim1_hospital_continuity.parquet,528628b255700c3c5a266029ef99a9c863d86aef97ad08e0d26f7905e3adcd01
maintenance_risk_set,0009628,202105,False,True,False,False,True,True,202512,2021,aim1_hospital_continuity.parquet,528628b255700c3c5a266029ef99a9c863d86aef97ad08e0d26f7905e3adcd01
maintenance_risk_set,0009709,202104,False,True,False,False,True,True,202512,2021,aim1_hospital_continuity.parquet,528628b255700c3c5a266029ef99a9c863d86aef97ad08e0d26f7905e3adcd01
maintenance_risk_set,0009717,202212,False,True,False,False,True,True,202512,2022,aim1_hospital_continuity.parquet,528628b255700c3c5a266029ef99a9c863d86aef97ad08e0d26f7905e3adcd01
maintenance_risk_set,0009725,202108,False,True,True,True,False,True,202512,2021,aim1_hospital_continuity.parquet,528628b255700c3c5a266029ef99a9c863d86aef97ad08e0d26f7905e3adcd01
maintenance_risk_set,0010456,202102,False,True,False,False,False,True,202512,2021,aim1_hospital_continuity.parquet,528628b255700c3c5a266029ef99a9c863d86aef97ad08e0d26f7905e3adcd01
maintenance_risk_set,0010464,202110,False,False,True,True,False,False,202512,2021,aim1_hospital_continuity.parquet,528628b255700c3c5a266029ef99a9c863d86aef97ad08e0d26f7905e3adcd01
maintenance_risk_set,0010472,202304,False,False,True,True,False,False,202512,2023,aim1_hospital_continuity.parquet,528628b255700c3c5a266029ef99a9c863d86aef97ad08e0d26f7905e3adcd01
maintenance_risk_set,0010480,202504,False,False,True,False,NA,NA,NA,2025,aim1_hospital_continuity.parquet,528628b255700c3c5a266029ef99a9c863d86aef97ad08e0d26f7905e3adcd01
maintenance_risk_set,0010499,202104,False,True,False,False,True,True,202512,2021,aim1_hospital_continuity.parquet,528628b255700c3c5a266029ef99a9c863d86aef97ad08e0d26f7905e3adcd01
maintenance_risk_set,0010502,202202,False,False,False,False,False,False,202512,2022,aim1_hospital_continuity.parquet,528628b255700c3c5a266029ef99a9c863d86aef97ad08e0d26f7905e3adcd01
maintenance_risk_set,0010510,202103,False,True,True,True,False,True,202512,2021,aim1_hospital_continuity.parquet,528628b255700c3c5a266029ef99a9c863d86aef97ad08e0d26f7905e3adcd01
maintenance_risk_set,0011746,202208,False,True,False,False,True,True,202512,2022,aim1_hospital_continuity.parquet,528628b255700c3c5a266029ef99a9c863d86aef97ad08e0d26f7905e3adcd01
maintenance_risk_set,0011800,202110,False,False,True,True,False,False,202512,2021,aim1_hospital_continuity.parquet,528628b255700c3c5a266029ef99a9c863d86aef97ad08e0d26f7905e3adcd01
maintenance_risk_set,0012505,202103,False,True,False,False,True,True,202512,2021,aim1_hospital_continuity.parquet,528628b255700c3c5a266029ef99a9c863d86aef97ad08e0d26f7905e3adcd01
maintenance_risk_set,0012521,202305,False,False,True,True,False,False,202512,2023,aim1_hospital_continuity.parquet,528628b255700c3c5a266029ef99a9c863d86aef97ad08e0d26f7905e3adcd01
maintenance_risk_set,0012556,202111,False,False,True,False,False,False,202512,2021,aim1_hospital_continuity.parquet,528628b255700c3c5a266029ef99a9c863d86aef97ad08e0d26f7905e3adcd01
maintenance_risk_set,0013633,202102,False,True,False,False,True,True,202512,2021,aim1_hospital_continuity.parquet,528628b255700c3c5a266029ef99a9c863d86aef97ad08e0d26f7905e3adcd01
maintenance_risk_set,0013846,202503,False,False,False,False,NA,NA,NA,2025,aim1_hospital_continuity.parquet,528628b255700c3c5a266029ef99a9c863d86aef97ad08e0d26f7905e3adcd01
maintenance_risk_set,0014109,202112,False,True,False,False,True,True,202512,2021,aim1_hospital_continuity.parquet,528628b255700c3c5a266029ef99a9c863d86aef97ad08e0d26f7905e3adcd01
maintenance_risk_set,0015245,202205,False,True,False,False,True,True,202512,2022,aim1_hospital_continuity.parquet,528628b255700c3c5a266029ef99a9c863d86aef97ad08e0d26f7905e3adcd01
maintenance_risk_set,0015318,202108,False,False,True,False,False,False,202512,2021,aim1_hospital_continuity.parquet,528628b255700c3c5a266029ef99a9c863d86aef97ad08e0d26f7905e3adcd01
maintenance_risk_set,0015334,202206,False,False,True,True,False,False,202512,2022,aim1_hospital_continuity.parquet,528628b255700c3c5a266029ef99a9c863d86aef97ad08e0d26f7905e3adcd01
maintenance_risk_set,0015369,202105,False,True,True,True,True,True,202512,2021,aim1_hospital_continuity.parquet,528628b255700c3c5a266029ef99a9c863d86aef97ad08e0d26f7905e3adcd01
maintenance_risk_set,0015407,202106,False,True,False,False,True,True,202512,2021,aim1_hospital_continuity.parquet,528628b255700c3c5a266029ef99a9c863d86aef97ad08e0d26f7905e3adcd01
maintenance_risk_set,0015423,202102,False,True,False,False,False,True,202512,2021,aim1_hospital_continuity.parquet,528628b255700c3c5a266029ef99a9c863d86aef97ad08e0d26f7905e3adcd01
maintenance_risk_set,0015563,202307,False,True,True,True,True,False,202512,2023,aim1_hospital_continuity.parquet,528628b255700c3c5a266029ef99a9c863d86aef97ad08e0d26f7905e3adcd01
maintenance_risk_set,0015644,202102,False,True,False,False,True,True,202512,2021,aim1_hospital_continuity.parquet,528628b255700c3c5a266029ef99a9c863d86aef97ad08e0d26f7905e3adcd01
maintenance_risk_set,0019402,202103,False,False,True,False,False,False,202512,2021,aim1_hospital_continuity.parquet,528628b255700c3c5a266029ef99a9c863d86aef97ad08e0d26f7905e3adcd01
maintenance_risk_set,0026808,202104,False,True,True,True,False,True,202512,2021,aim1_hospital_continuity.parquet,528628b255700c3c5a266029ef99a9c863d86aef97ad08e0d26f7905e3adcd01
maintenance_risk_set,0026859,202102,False,True,False,False,False,True,202512,2021,aim1_hospital_continuity.parquet,528628b255700c3c5a266029ef99a9c863d86aef97ad08e0d26f7905e3adcd01
maintenance_risk_set,0027014,202102,False,True,False,False,True,True,202512,2021,aim1_hospital_continuity.parquet,528628b255700c3c5a266029ef99a9c863d86aef97ad08e0d26f7905e3adcd01
maintenance_risk_set,0027022,202404,False,True,False,False,True,True,202512,2024,aim1_hospital_continuity.parquet,528628b255700c3c5a266029ef99a9c863d86aef97ad08e0d26f7905e3adcd01
maintenance_risk_set,0027049,202104,False,True,False,False,True,True,202512,2021,aim1_hospital_continuity.parquet,528628b255700c3c5a266029ef99a9c863d86aef97ad08e0d26f7905e3adcd01
maintenance_risk_set,0027863,202102,False,True,True,True,True,False,202512,2021,aim1_hospital_continuity.parquet,528628b255700c3c5a266029ef99a9c863d86aef97ad08e0d26f7905e3adcd01
maintenance_risk_set,0086673,202212,False,True,False,False,True,True,202512,2022,aim1_hospital_continuity.parquet,528628b255700c3c5a266029ef99a9c863d86aef97ad08e0d26f7905e3adcd01
maintenance_risk_set,0092894,202204,False,True,False,False,True,True,202512,2022,aim1_hospital_continuity.parquet,528628b255700c3c5a266029ef99a9c863d86aef97ad08e0d26f7905e3adcd01
maintenance_risk_set,0102105,202403,False,False,True,False,False,False,202512,2024,aim1_hospital_continuity.parquet,528628b255700c3c5a266029ef99a9c863d86aef97ad08e0d26f7905e3adcd01
maintenance_risk_set,0105317,202507,False,False,False,False,NA,NA,NA,2025,aim1_hospital_continuity.parquet,528628b255700c3c5a266029ef99a9c863d86aef97ad08e0d26f7905e3adcd01
maintenance_risk_set,0136581,202310,False,True,False,False,True,True,202512,2023,aim1_hospital_continuity.parquet,528628b255700c3c5a266029ef99a9c863d86aef97ad08e0d26f7905e3adcd01
maintenance_risk_set,0179817,202211,False,True,True,True,False,True,202512,2022,aim1_hospital_continuity.parquet,528628b255700c3c5a266029ef99a9c863d86aef97ad08e0d26f7905e3adcd01
maintenance_risk_set,0220027,202402,False,True,False,False,False,True,202512,2024,aim1_hospital_continuity.parquet,528628b255700c3c5a266029ef99a9c863d86aef97ad08e0d26f7905e3adcd01
maintenance_risk_set,0220337,202311,False,True,False,False,True,True,202512,2023,aim1_hospital_continuity.parquet,528628b255700c3c5a266029ef99a9c863d86aef97ad08e0d26f7905e3adcd01
maintenance_risk_set,0226491,202403,False,True,False,False,True,True,202512,2024,aim1_hospital_continuity.parquet,528628b255700c3c5a266029ef99a9c863d86aef97ad08e0d26f7905e3adcd01
maintenance_risk_set,0547484,202207,False,True,False,False,False,True,202512,2022,aim1_hospital_continuity.parquet,528628b255700c3c5a266029ef99a9c863d86aef97ad08e0d26f7905e3adcd01
maintenance_risk_set,0607126,202503,False,False,False,False,NA,NA,NA,2025,aim1_hospital_continuity.parquet,528628b255700c3c5a266029ef99a9c863d86aef97ad08e0d26f7905e3adcd01
maintenance_risk_set,2001586,202511,False,False,False,False,NA,NA,NA,2025,aim1_hospital_continuity.parquet,528628b255700c3c5a266029ef99a9c863d86aef97ad08e0d26f7905e3adcd01
maintenance_risk_set,2012472,202410,False,False,False,False,False,False,202512,2024,aim1_hospital_continuity.parquet,528628b255700c3c5a266029ef99a9c863d86aef97ad08e0d26f7905e3adcd01
maintenance_risk_set,2012677,202304,False,True,True,False,True,False,202512,2023,aim1_hospital_continuity.parquet,528628b255700c3c5a266029ef99a9c863d86aef97ad08e0d26f7905e3adcd01
maintenance_risk_set,2012685,202102,False,False,False,False,False,False,202512,2021,aim1_hospital_continuity.parquet,528628b255700c3c5a266029ef99a9c863d86aef97ad08e0d26f7905e3adcd01
maintenance_risk_set,2013649,202303,False,True,False,False,True,True,202512,2023,aim1_hospital_continuity.parquet,528628b255700c3c5a266029ef99a9c863d86aef97ad08e0d26f7905e3adcd01
maintenance_risk_set,2017431,202403,False,False,False,False,False,False,202512,2024,aim1_hospital_continuity.parquet,528628b255700c3c5a266029ef99a9c863d86aef97ad08e0d26f7905e3adcd01
maintenance_risk_set,2017644,202112,False,True,True,True,True,False,202512,2021,aim1_hospital_continuity.parquet,528628b255700c3c5a266029ef99a9c863d86aef97ad08e0d26f7905e3adcd01
maintenance_risk_set,2018136,202507,False,False,False,False,NA,NA,NA,2025,aim1_hospital_continuity.parquet,528628b255700c3c5a266029ef99a9c863d86aef97ad08e0d26f7905e3adcd01
maintenance_risk_set,2019574,202305,False,True,False,False,True,True,202512,2023,aim1_hospital_continuity.parquet,528628b255700c3c5a266029ef99a9c863d86aef97ad08e0d26f7905e3adcd01
maintenance_risk_set,2020645,202507,False,False,False,False,NA,NA,NA,2025,aim1_hospital_continuity.parquet,528628b255700c3c5a266029ef99a9c863d86aef97ad08e0d26f7905e3adcd01
maintenance_risk_set,2020890,202301,False,True,False,False,True,True,202512,2023,aim1_hospital_continuity.parquet,528628b255700c3c5a266029ef99a9c863d86aef97ad08e0d26f7905e3adcd01
maintenance_risk_set,2023709,202511,False,False,False,False,NA,NA,NA,2025,aim1_hospital_continuity.parquet,528628b255700c3c5a266029ef99a9c863d86aef97ad08e0d26f7905e3adcd01
maintenance_risk_set,2024691,202108,False,True,True,True,False,True,202512,2021,aim1_hospital_continuity.parquet,528628b255700c3c5a266029ef99a9c863d86aef97ad08e0d26f7905e3adcd01
maintenance_risk_set,2025361,202102,False,True,False,False,True,False,202512,2021,aim1_hospital_continuity.parquet,528628b255700c3c5a266029ef99a9c863d86aef97ad08e0d26f7905e3adcd01
maintenance_risk_set,2025507,202207,False,True,False,False,True,True,202512,2022,aim1_hospital_continuity.parquet,528628b255700c3c5a266029ef99a9c863d86aef97ad08e0d26f7905e3adcd01
maintenance_risk_set,2025752,202103,False,True,False,False,True,True,202512,2021,aim1_hospital_continuity.parquet,528628b255700c3c5a266029ef99a9c863d86aef97ad08e0d26f7905e3adcd01
maintenance_risk_set,2066092,202206,False,True,False,False,True,True,202512,2022,aim1_hospital_continuity.parquet,528628b255700c3c5a266029ef99a9c863d86aef97ad08e0d26f7905e3adcd01
maintenance_risk_set,2071568,202411,False,False,True,False,False,False,202512,2024,aim1_hospital_continuity.parquet,528628b255700c3c5a266029ef99a9c863d86aef97ad08e0d26f7905e3adcd01
maintenance_risk_set,2076926,202410,False,True,False,False,True,True,202512,2024,aim1_hospital_continuity.parquet,528628b255700c3c5a266029ef99a9c863d86aef97ad08e0d26f7905e3adcd01
maintenance_risk_set,2077396,202101,True,True,False,False,True,True,202512,2021,aim1_hospital_continuity.parquet,528628b255700c3c5a266029ef99a9c863d86aef97ad08e0d26f7905e3adcd01
maintenance_risk_set,2077477,202209,False,True,False,False,True,True,202512,2022,aim1_hospital_continuity.parquet,528628b255700c3c5a266029ef99a9c863d86aef97ad08e0d26f7905e3adcd01
maintenance_risk_set,2077485,202205,False,True,False,False,True,True,202512,2022,aim1_hospital_continuity.parquet,528628b255700c3c5a266029ef99a9c863d86aef97ad08e0d26f7905e3adcd01
maintenance_risk_set,2077523,202201,False,True,True,True,False,True,202512,2022,aim1_hospital_continuity.parquet,528628b255700c3c5a266029ef99a9c863d86aef97ad08e0d26f7905e3adcd01
maintenance_risk_set,2077531,202103,False,True,True,True,True,False,202512,2021,aim1_hospital_continuity.parquet,528628b255700c3c5a266029ef99a9c863d86aef97ad08e0d26f7905e3adcd01
maintenance_risk_set,2077574,202207,False,True,True,True,False,True,202512,2022,aim1_hospital_continuity.parquet,528628b255700c3c5a266029ef99a9c863d86aef97ad08e0d26f7905e3adcd01
maintenance_risk_set,2077590,202308,False,False,True,True,False,False,202512,2023,aim1_hospital_continuity.parquet,528628b255700c3c5a266029ef99a9c863d86aef97ad08e0d26f7905e3adcd01
maintenance_risk_set,2077620,202506,False,False,False,False,NA,NA,NA,2025,aim1_hospital_continuity.parquet,528628b255700c3c5a266029ef99a9c863d86aef97ad08e0d26f7905e3adcd01
maintenance_risk_set,2078015,202102,False,True,False,False,True,True,202512,2021,aim1_hospital_continuity.parquet,528628b255700c3c5a266029ef99a9c863d86aef97ad08e0d26f7905e3adcd01
maintenance_risk_set,2078287,202304,False,False,True,False,False,False,202512,2023,aim1_hospital_continuity.parquet,528628b255700c3c5a266029ef99a9c863d86aef97ad08e0d26f7905e3adcd01
maintenance_risk_set,2078465,202503,False,False,True,False,NA,NA,NA,2025,aim1_hospital_continuity.parquet,528628b255700c3c5a266029ef99a9c863d86aef97ad08e0d26f7905e3adcd01
maintenance_risk_set,2078562,202406,False,True,False,False,True,True,202512,2024,aim1_hospital_continuity.parquet,528628b255700c3c5a266029ef99a9c863d86aef97ad08e0d26f7905e3adcd01
maintenance_risk_set,2078775,202304,False,True,False,False,True,True,202512,2023,aim1_hospital_continuity.parquet,528628b255700c3c5a266029ef99a9c863d86aef97ad08e0d26f7905e3adcd01
maintenance_risk_set,2079321,202110,False,False,False,False,False,False,202512,2021,aim1_hospital_continuity.parquet,528628b255700c3c5a266029ef99a9c863d86aef97ad08e0d26f7905e3adcd01
maintenance_risk_set,2079720,202401,False,True,False,False,True,True,202512,2024,aim1_hospital_continuity.parquet,528628b255700c3c5a266029ef99a9c863d86aef97ad08e0d26f7905e3adcd01
maintenance_risk_set,2079798,202101,True,True,False,False,True,True,202512,2021,aim1_hospital_continuity.parquet,528628b255700c3c5a266029ef99a9c863d86aef97ad08e0d26f7905e3adcd01
maintenance_risk_set,2079828,202204,False,True,False,False,True,True,202512,2022,aim1_hospital_continuity.parquet,528628b255700c3c5a266029ef99a9c863d86aef97ad08e0d26f7905e3adcd01
maintenance_risk_set,2079917,202202,False,True,True,True,False,False,202512,2022,aim1_hospital_continuity.parquet,528628b255700c3c5a266029ef99a9c863d86aef97ad08e0d26f7905e3adcd01
maintenance_risk_set,2080044,202502,False,False,True,False,NA,NA,NA,2025,aim1_hospital_continuity.parquet,528628b255700c3c5a266029ef99a9c863d86aef97ad08e0d26f7905e3adcd01
maintenance_risk_set,2080125,202409,False,True,False,False,True,True,202512,2024,aim1_hospital_continuity.parquet,528628b255700c3c5a266029ef99a9c863d86aef97ad08e0d26f7905e3adcd01
maintenance_risk_set,2080184,202502,False,False,False,False,NA,NA,NA,2025,aim1_hospital_continuity.parquet,528628b255700c3c5a266029ef99a9c863d86aef97ad08e0d26f7905e3adcd01
maintenance_risk_set,2080338,202105,False,True,False,False,True,True,202512,2021,aim1_hospital_continuity.parquet,528628b255700c3c5a266029ef99a9c863d86aef97ad08e0d26f7905e3adcd01
maintenance_risk_set,2080346,202108,False,True,False,False,True,True,202512,2021,aim1_hospital_continuity.parquet,528628b255700c3c5a266029ef99a9c863d86aef97ad08e0d26f7905e3adcd01
maintenance_risk_set,2080354,202401,False,False,True,True,False,False,202512,2024,aim1_hospital_continuity.parquet,528628b255700c3c5a266029ef99a9c863d86aef97ad08e0d26f7905e3adcd01
maintenance_risk_set,2080400,202402,False,True,False,False,True,True,202512,2024,aim1_hospital_continuity.parquet,528628b255700c3c5a266029ef99a9c863d86aef97ad08e0d26f7905e3adcd01
maintenance_risk_set,2080532,202202,False,True,False,False,True,True,202512,2022,aim1_hospital_continuity.parquet,528628b255700c3c5a266029ef99a9c863d86aef97ad08e0d26f7905e3adcd01
maintenance_risk_set,2080680,202203,False,True,True,True,False,True,202512,2022,aim1_hospital_continuity.parquet,528628b255700c3c5a266029ef99a9c863d86aef97ad08e0d26f7905e3adcd01
maintenance_risk_set,2080931,202402,False,True,False,False,True,True,202512,2024,aim1_hospital_continuity.parquet,528628b255700c3c5a266029ef99a9c863d86aef97ad08e0d26f7905e3adcd01
maintenance_risk_set,2081253,202106,False,True,False,False,True,True,202512,2021,aim1_hospital_continuity.parquet,528628b255700c3c5a266029ef99a9c863d86aef97ad08e0d26f7905e3adcd01
maintenance_risk_set,2081377,202112,False,True,False,False,True,True,202512,2021,aim1_hospital_continuity.parquet,528628b255700c3c5a266029ef99a9c863d86aef97ad08e0d26f7905e3adcd01
maintenance_risk_set,2081458,202103,False,True,False,False,True,True,202512,2021,aim1_hospital_continuity.parquet,528628b255700c3c5a266029ef99a9c863d86aef97ad08e0d26f7905e3adcd01
maintenance_risk_set,2081490,202201,False,False,True,True,False,False,202512,2022,aim1_hospital_continuity.parquet,528628b255700c3c5a266029ef99a9c863d86aef97ad08e0d26f7905e3adcd01
maintenance_risk_set,2081512,202312,False,False,True,True,False,False,202512,2023,aim1_hospital_continuity.parquet,528628b255700c3c5a266029ef99a9c863d86aef97ad08e0d26f7905e3adcd01
maintenance_risk_set,2081695,202102,False,True,False,False,True,True,202512,2021,aim1_hospital_continuity.parquet,528628b255700c3c5a266029ef99a9c863d86aef97ad08e0d26f7905e3adcd01
maintenance_risk_set,2082187,202102,False,True,False,False,True,True,202512,2021,aim1_hospital_continuity.parquet,528628b255700c3c5a266029ef99a9c863d86aef97ad08e0d26f7905e3adcd01
maintenance_risk_set,2082225,202509,False,False,False,False,NA,NA,NA,2025,aim1_hospital_continuity.parquet,528628b255700c3c5a266029ef99a9c863d86aef97ad08e0d26f7905e3adcd01
maintenance_risk_set,2082527,202411,False,True,False,False,True,True,202512,2024,aim1_hospital_continuity.parquet,528628b255700c3c5a266029ef99a9c863d86aef97ad08e0d26f7905e3adcd01
maintenance_risk_set,2082594,202302,False,True,False,False,False,True,202512,2023,aim1_hospital_continuity.parquet,528628b255700c3c5a266029ef99a9c863d86aef97ad08e0d26f7905e3adcd01
maintenance_risk_set,2082861,202101,True,True,False,False,True,True,202512,2021,aim1_hospital_continuity.parquet,528628b255700c3c5a266029ef99a9c863d86aef97ad08e0d26f7905e3adcd01
maintenance_risk_set,2083086,202103,False,True,True,True,True,True,202512,2021,aim1_hospital_continuity.parquet,528628b255700c3c5a266029ef99a9c863d86aef97ad08e0d26f7905e3adcd01
maintenance_risk_set,2083094,202101,True,True,False,False,True,True,202512,2021,aim1_hospital_continuity.parquet,528628b255700c3c5a266029ef99a9c863d86aef97ad08e0d26f7905e3adcd01
maintenance_risk_set,2083116,202201,False,True,True,True,False,True,202512,2022,aim1_hospital_continuity.parquet,528628b255700c3c5a266029ef99a9c863d86aef97ad08e0d26f7905e3adcd01
maintenance_risk_set,2084163,202505,False,False,False,False,NA,NA,NA,2025,aim1_hospital_continuity.parquet,528628b255700c3c5a266029ef99a9c863d86aef97ad08e0d26f7905e3adcd01
maintenance_risk_set,2084414,202103,False,False,True,False,False,False,202512,2021,aim1_hospital_continuity.parquet,528628b255700c3c5a266029ef99a9c863d86aef97ad08e0d26f7905e3adcd01
maintenance_risk_set,2087057,202104,False,True,False,False,True,True,202512,2021,aim1_hospital_continuity.parquet,528628b255700c3c5a266029ef99a9c863d86aef97ad08e0d26f7905e3adcd01
maintenance_risk_set,2087103,202203,False,False,True,True,False,False,202512,2022,aim1_hospital_continuity.parquet,528628b255700c3c5a266029ef99a9c863d86aef97ad08e0d26f7905e3adcd01
maintenance_risk_set,2087111,202308,False,True,True,True,True,False,202512,2023,aim1_hospital_continuity.parquet,528628b255700c3c5a266029ef99a9c863d86aef97ad08e0d26f7905e3adcd01
maintenance_risk_set,2088576,202102,False,True,True,True,True,False,202512,2021,aim1_hospital_continuity.parquet,528628b255700c3c5a266029ef99a9c863d86aef97ad08e0d26f7905e3adcd01
maintenance_risk_set,2089327,202103,False,True,False,False,True,True,202512,2021,aim1_hospital_continuity.parquet,528628b255700c3c5a266029ef99a9c863d86aef97ad08e0d26f7905e3adcd01
maintenance_risk_set,2089335,202502,False,False,False,False,NA,NA,NA,2025,aim1_hospital_continuity.parquet,528628b255700c3c5a266029ef99a9c863d86aef97ad08e0d26f7905e3adcd01
maintenance_risk_set,2090236,202101,True,True,False,False,True,True,202512,2021,aim1_hospital_continuity.parquet,528628b255700c3c5a266029ef99a9c863d86aef97ad08e0d26f7905e3adcd01
maintenance_risk_set,2092298,202502,False,False,False,False,NA,NA,NA,2025,aim1_hospital_continuity.parquet,528628b255700c3c5a266029ef99a9c863d86aef97ad08e0d26f7905e3adcd01
maintenance_risk_set,2092611,202204,False,True,True,False,True,False,202512,2022,aim1_hospital_continuity.parquet,528628b255700c3c5a266029ef99a9c863d86aef97ad08e0d26f7905e3adcd01
maintenance_risk_set,2096412,202101,True,True,False,False,True,True,202512,2021,aim1_hospital_continuity.parquet,528628b255700c3c5a266029ef99a9c863d86aef97ad08e0d26f7905e3adcd01
maintenance_risk_set,2098938,202409,False,False,True,False,False,False,202512,2024,aim1_hospital_continuity.parquet,528628b255700c3c5a266029ef99a9c863d86aef97ad08e0d26f7905e3adcd01
maintenance_risk_set,2100754,202111,False,False,True,True,False,False,202512,2021,aim1_hospital_continuity.parquet,528628b255700c3c5a266029ef99a9c863d86aef97ad08e0d26f7905e3adcd01
maintenance_risk_set,2105780,202205,False,True,True,True,False,False,202512,2022,aim1_hospital_continuity.parquet,528628b255700c3c5a266029ef99a9c863d86aef97ad08e0d26f7905e3adcd01
maintenance_risk_set,2109867,202306,False,True,False,False,True,True,202512,2023,aim1_hospital_continuity.parquet,528628b255700c3c5a266029ef99a9c863d86aef97ad08e0d26f7905e3adcd01
maintenance_risk_set,2111624,202109,False,True,False,False,True,True,202512,2021,aim1_hospital_continuity.parquet,528628b255700c3c5a266029ef99a9c863d86aef97ad08e0d26f7905e3adcd01
maintenance_risk_set,2118661,202105,False,True,False,False,True,True,202512,2021,aim1_hospital_continuity.parquet,528628b255700c3c5a266029ef99a9c863d86aef97ad08e0d26f7905e3adcd01
maintenance_risk_set,2119528,202404,False,False,True,True,False,False,202512,2024,aim1_hospital_continuity.parquet,528628b255700c3c5a266029ef99a9c863d86aef97ad08e0d26f7905e3adcd01
maintenance_risk_set,2124289,202408,False,False,True,True,False,False,202512,2024,aim1_hospital_continuity.parquet,528628b255700c3c5a266029ef99a9c863d86aef97ad08e0d26f7905e3adcd01
maintenance_risk_set,2127989,202104,False,True,False,False,True,True,202512,2021,aim1_hospital_continuity.parquet,528628b255700c3c5a266029ef99a9c863d86aef97ad08e0d26f7905e3adcd01
maintenance_risk_set,2129469,202511,False,False,False,False,NA,NA,NA,2025,aim1_hospital_continuity.parquet,528628b255700c3c5a266029ef99a9c863d86aef97ad08e0d26f7905e3adcd01
maintenance_risk_set,2129566,202202,False,True,True,True,False,False,202512,2022,aim1_hospital_continuity.parquet,528628b255700c3c5a266029ef99a9c863d86aef97ad08e0d26f7905e3adcd01
maintenance_risk_set,2144298,202312,False,False,True,False,False,False,202512,2023,aim1_hospital_continuity.parquet,528628b255700c3c5a266029ef99a9c863d86aef97ad08e0d26f7905e3adcd01
maintenance_risk_set,2146355,202103,False,True,False,False,True,True,202512,2021,aim1_hospital_continuity.parquet,528628b255700c3c5a266029ef99a9c863d86aef97ad08e0d26f7905e3adcd01
maintenance_risk_set,2149990,202104,False,True,False,False,True,True,202512,2021,aim1_hospital_continuity.parquet,528628b255700c3c5a266029ef99a9c863d86aef97ad08e0d26f7905e3adcd01
maintenance_risk_set,2153882,202511,False,False,False,False,NA,NA,NA,2025,aim1_hospital_continuity.parquet,528628b255700c3c5a266029ef99a9c863d86aef97ad08e0d26f7905e3adcd01
maintenance_risk_set,2163829,202106,False,False,True,False,False,False,202512,2021,aim1_hospital_continuity.parquet,528628b255700c3c5a266029ef99a9c863d86aef97ad08e0d26f7905e3adcd01
maintenance_risk_set,2171945,202304,False,True,False,False,True,True,202512,2023,aim1_hospital_continuity.parquet,528628b255700c3c5a266029ef99a9c863d86aef97ad08e0d26f7905e3adcd01
maintenance_risk_set,2171988,202208,False,True,True,True,True,False,202512,2022,aim1_hospital_continuity.parquet,528628b255700c3c5a266029ef99a9c863d86aef97ad08e0d26f7905e3adcd01
maintenance_risk_set,2192128,202108,False,False,True,False,False,False,202512,2021,aim1_hospital_continuity.parquet,528628b255700c3c5a266029ef99a9c863d86aef97ad08e0d26f7905e3adcd01
maintenance_risk_set,2195437,202207,False,True,False,False,False,False,202512,2022,aim1_hospital_continuity.parquet,528628b255700c3c5a266029ef99a9c863d86aef97ad08e0d26f7905e3adcd01
maintenance_risk_set,2195453,202106,False,True,True,True,False,True,202512,2021,aim1_hospital_continuity.parquet,528628b255700c3c5a266029ef99a9c863d86aef97ad08e0d26f7905e3adcd01
maintenance_risk_set,2195585,202502,False,False,False,False,NA,NA,NA,2025,aim1_hospital_continuity.parquet,528628b255700c3c5a266029ef99a9c863d86aef97ad08e0d26f7905e3adcd01
maintenance_risk_set,2200457,202203,False,True,True,True,True,False,202512,2022,aim1_hospital_continuity.parquet,528628b255700c3c5a266029ef99a9c863d86aef97ad08e0d26f7905e3adcd01
maintenance_risk_set,2205440,202306,False,False,True,False,False,False,202512,2023,aim1_hospital_continuity.parquet,528628b255700c3c5a266029ef99a9c863d86aef97ad08e0d26f7905e3adcd01
maintenance_risk_set,2206528,202511,False,False,False,False,NA,NA,NA,2025,aim1_hospital_continuity.parquet,528628b255700c3c5a266029ef99a9c863d86aef97ad08e0d26f7905e3adcd01
maintenance_risk_set,2206595,202108,False,True,True,True,False,True,202512,2021,aim1_hospital_continuity.parquet,528628b255700c3c5a266029ef99a9c863d86aef97ad08e0d26f7905e3adcd01
maintenance_risk_set,2208172,202501,False,False,True,False,False,False,202512,2025,aim1_hospital_continuity.parquet,528628b255700c3c5a266029ef99a9c863d86aef97ad08e0d26f7905e3adcd01
maintenance_risk_set,2208857,202202,False,True,True,True,True,False,202512,2022,aim1_hospital_continuity.parquet,528628b255700c3c5a266029ef99a9c863d86aef97ad08e0d26f7905e3adcd01
maintenance_risk_set,2218798,202101,True,True,False,False,True,True,202512,2021,aim1_hospital_continuity.parquet,528628b255700c3c5a266029ef99a9c863d86aef97ad08e0d26f7905e3adcd01
maintenance_risk_set,2219646,202104,False,True,False,False,True,True,202512,2021,aim1_hospital_continuity.parquet,528628b255700c3c5a266029ef99a9c863d86aef97ad08e0d26f7905e3adcd01
maintenance_risk_set,2219654,202305,False,True,False,False,True,True,202512,2023,aim1_hospital_continuity.parquet,528628b255700c3c5a266029ef99a9c863d86aef97ad08e0d26f7905e3adcd01
maintenance_risk_set,2223538,202102,False,True,False,False,True,True,202512,2021,aim1_hospital_continuity.parquet,528628b255700c3c5a266029ef99a9c863d86aef97ad08e0d26f7905e3adcd01
maintenance_risk_set,2223546,202105,False,True,True,True,False,True,202512,2021,aim1_hospital_continuity.parquet,528628b255700c3c5a266029ef99a9c863d86aef97ad08e0d26f7905e3adcd01
maintenance_risk_set,2227762,202502,False,False,False,False,NA,NA,NA,2025,aim1_hospital_continuity.parquet,528628b255700c3c5a266029ef99a9c863d86aef97ad08e0d26f7905e3adcd01
maintenance_risk_set,2232022,202509,False,False,False,False,NA,NA,NA,2025,aim1_hospital_continuity.parquet,528628b255700c3c5a266029ef99a9c863d86aef97ad08e0d26f7905e3adcd01
maintenance_risk_set,2232995,202106,False,False,True,False,False,False,202512,2021,aim1_hospital_continuity.parquet,528628b255700c3c5a266029ef99a9c863d86aef97ad08e0d26f7905e3adcd01
maintenance_risk_set,2237253,202106,False,True,False,False,True,True,202512,2021,aim1_hospital_continuity.parquet,528628b255700c3c5a266029ef99a9c863d86aef97ad08e0d26f7905e3adcd01
maintenance_risk_set,2237571,202110,False,True,False,False,True,True,202512,2021,aim1_hospital_continuity.parquet,528628b255700c3c5a266029ef99a9c863d86aef97ad08e0d26f7905e3adcd01
maintenance_risk_set,2237601,202102,False,True,False,False,True,True,202512,2021,aim1_hospital_continuity.parquet,528628b255700c3c5a266029ef99a9c863d86aef97ad08e0d26f7905e3adcd01
maintenance_risk_set,2241021,202102,False,False,True,True,False,False,202512,2021,aim1_hospital_continuity.parquet,528628b255700c3c5a266029ef99a9c863d86aef97ad08e0d26f7905e3adcd01
maintenance_risk_set,2244101,202501,False,True,False,False,True,True,202512,2025,aim1_hospital_continuity.parquet,528628b255700c3c5a266029ef99a9c863d86aef97ad08e0d26f7905e3adcd01
maintenance_risk_set,2244306,202207,False,True,False,False,True,True,202512,2022,aim1_hospital_continuity.parquet,528628b255700c3c5a266029ef99a9c863d86aef97ad08e0d26f7905e3adcd01
maintenance_risk_set,2246929,202106,False,True,False,False,True,True,202512,2021,aim1_hospital_continuity.parquet,528628b255700c3c5a266029ef99a9c863d86aef97ad08e0d26f7905e3adcd01
maintenance_risk_set,2246988,202102,False,True,False,False,True,True,202512,2021,aim1_hospital_continuity.parquet,528628b255700c3c5a266029ef99a9c863d86aef97ad08e0d26f7905e3adcd01
maintenance_risk_set,2248247,202412,False,False,True,False,False,False,202512,2024,aim1_hospital_continuity.parquet,528628b255700c3c5a266029ef99a9c863d86aef97ad08e0d26f7905e3adcd01
maintenance_risk_set,2252295,202408,False,True,False,False,True,True,202512,2024,aim1_hospital_continuity.parquet,528628b255700c3c5a266029ef99a9c863d86aef97ad08e0d26f7905e3adcd01
maintenance_risk_set,2252694,202106,False,True,True,True,False,True,202512,2021,aim1_hospital_continuity.parquet,528628b255700c3c5a266029ef99a9c863d86aef97ad08e0d26f7905e3adcd01
maintenance_risk_set,2253046,202408,False,True,False,False,True,True,202512,2024,aim1_hospital_continuity.parquet,528628b255700c3c5a266029ef99a9c863d86aef97ad08e0d26f7905e3adcd01
maintenance_risk_set,2253054,202404,False,False,True,True,False,False,202512,2024,aim1_hospital_continuity.parquet,528628b255700c3c5a266029ef99a9c863d86aef97ad08e0d26f7905e3adcd01
maintenance_risk_set,2255936,202204,False,True,False,False,True,True,202512,2022,aim1_hospital_continuity.parquet,528628b255700c3c5a266029ef99a9c863d86aef97ad08e0d26f7905e3adcd01
maintenance_risk_set,2257645,202201,False,True,False,False,True,True,202512,2022,aim1_hospital_continuity.parquet,528628b255700c3c5a266029ef99a9c863d86aef97ad08e0d26f7905e3adcd01
maintenance_risk_set,2257815,202505,False,False,False,False,NA,NA,NA,2025,aim1_hospital_continuity.parquet,528628b255700c3c5a266029ef99a9c863d86aef97ad08e0d26f7905e3adcd01
maintenance_risk_set,2259907,202206,False,False,True,True,False,False,202512,2022,aim1_hospital_continuity.parquet,528628b255700c3c5a266029ef99a9c863d86aef97ad08e0d26f7905e3adcd01
maintenance_risk_set,2261030,202502,False,False,False,False,NA,NA,NA,2025,aim1_hospital_continuity.parquet,528628b255700c3c5a266029ef99a9c863d86aef97ad08e0d26f7905e3adcd01
maintenance_risk_set,2262568,202104,False,True,False,False,True,True,202512,2021,aim1_hospital_continuity.parquet,528628b255700c3c5a266029ef99a9c863d86aef97ad08e0d26f7905e3adcd01
maintenance_risk_set,2265052,202202,False,False,True,False,False,False,202512,2022,aim1_hospital_continuity.parquet,528628b255700c3c5a266029ef99a9c863d86aef97ad08e0d26f7905e3adcd01
maintenance_risk_set,2265060,202408,False,False,True,False,False,False,202512,2024,aim1_hospital_continuity.parquet,528628b255700c3c5a266029ef99a9c863d86aef97ad08e0d26f7905e3adcd01
maintenance_risk_set,2269384,202204,False,True,False,False,True,True,202512,2022,aim1_hospital_continuity.parquet,528628b255700c3c5a266029ef99a9c863d86aef97ad08e0d26f7905e3adcd01
maintenance_risk_set,2269481,202304,False,True,False,False,True,True,202512,2023,aim1_hospital_continuity.parquet,528628b255700c3c5a266029ef99a9c863d86aef97ad08e0d26f7905e3adcd01
maintenance_risk_set,2269775,202109,False,True,False,False,False,False,202512,2021,aim1_hospital_continuity.parquet,528628b255700c3c5a266029ef99a9c863d86aef97ad08e0d26f7905e3adcd01
maintenance_risk_set,2269783,202104,False,True,False,False,True,True,202512,2021,aim1_hospital_continuity.parquet,528628b255700c3c5a266029ef99a9c863d86aef97ad08e0d26f7905e3adcd01
maintenance_risk_set,2269880,202110,False,True,True,True,False,True,202512,2021,aim1_hospital_continuity.parquet,528628b255700c3c5a266029ef99a9c863d86aef97ad08e0d26f7905e3adcd01
maintenance_risk_set,2269988,202403,False,False,False,False,False,False,202512,2024,aim1_hospital_continuity.parquet,528628b255700c3c5a266029ef99a9c863d86aef97ad08e0d26f7905e3adcd01
maintenance_risk_set,2270234,202412,False,False,False,False,False,False,202512,2024,aim1_hospital_continuity.parquet,528628b255700c3c5a266029ef99a9c863d86aef97ad08e0d26f7905e3adcd01
maintenance_risk_set,2270269,202201,False,True,False,False,False,False,202512,2022,aim1_hospital_continuity.parquet,528628b255700c3c5a266029ef99a9c863d86aef97ad08e0d26f7905e3adcd01
maintenance_risk_set,2270609,202407,False,True,False,False,True,False,202512,2024,aim1_hospital_continuity.parquet,528628b255700c3c5a266029ef99a9c863d86aef97ad08e0d26f7905e3adcd01
maintenance_risk_set,2272784,202511,False,False,False,False,NA,NA,NA,2025,aim1_hospital_continuity.parquet,528628b255700c3c5a266029ef99a9c863d86aef97ad08e0d26f7905e3adcd01
maintenance_risk_set,2273411,202210,False,True,False,False,True,True,202512,2022,aim1_hospital_continuity.parquet,528628b255700c3c5a266029ef99a9c863d86aef97ad08e0d26f7905e3adcd01
maintenance_risk_set,2273659,202111,False,False,False,False,False,False,202512,2021,aim1_hospital_continuity.parquet,528628b255700c3c5a266029ef99a9c863d86aef97ad08e0d26f7905e3adcd01
maintenance_risk_set,2275562,202103,False,True,False,False,True,True,202512,2021,aim1_hospital_continuity.parquet,528628b255700c3c5a266029ef99a9c863d86aef97ad08e0d26f7905e3adcd01
maintenance_risk_set,2278855,202109,False,True,True,True,False,False,202512,2021,aim1_hospital_continuity.parquet,528628b255700c3c5a266029ef99a9c863d86aef97ad08e0d26f7905e3adcd01
maintenance_risk_set,2280167,202112,False,True,False,False,True,True,202512,2021,aim1_hospital_continuity.parquet,528628b255700c3c5a266029ef99a9c863d86aef97ad08e0d26f7905e3adcd01
maintenance_risk_set,2280183,202208,False,False,False,False,False,False,202512,2022,aim1_hospital_continuity.parquet,528628b255700c3c5a266029ef99a9c863d86aef97ad08e0d26f7905e3adcd01
maintenance_risk_set,2283395,202402,False,True,True,False,True,False,202512,2024,aim1_hospital_continuity.parquet,528628b255700c3c5a266029ef99a9c863d86aef97ad08e0d26f7905e3adcd01
maintenance_risk_set,2287250,202204,False,True,False,False,True,True,202512,2022,aim1_hospital_continuity.parquet,528628b255700c3c5a266029ef99a9c863d86aef97ad08e0d26f7905e3adcd01
maintenance_risk_set,2295407,202112,False,False,False,False,False,False,202512,2021,aim1_hospital_continuity.parquet,528628b255700c3c5a266029ef99a9c863d86aef97ad08e0d26f7905e3adcd01
maintenance_risk_set,2295415,202106,False,True,False,False,True,True,202512,2021,aim1_hospital_continuity.parquet,528628b255700c3c5a266029ef99a9c863d86aef97ad08e0d26f7905e3adcd01
maintenance_risk_set,2295423,202205,False,True,False,False,True,False,202512,2022,aim1_hospital_continuity.parquet,528628b255700c3c5a266029ef99a9c863d86aef97ad08e0d26f7905e3adcd01
maintenance_risk_set,2298031,202210,False,True,False,False,True,True,202512,2022,aim1_hospital_continuity.parquet,528628b255700c3c5a266029ef99a9c863d86aef97ad08e0d26f7905e3adcd01
maintenance_risk_set,2298317,202211,False,False,False,False,False,False,202512,2022,aim1_hospital_continuity.parquet,528628b255700c3c5a266029ef99a9c863d86aef97ad08e0d26f7905e3adcd01
maintenance_risk_set,2301318,202110,False,True,True,False,True,False,202512,2021,aim1_hospital_continuity.parquet,528628b255700c3c5a266029ef99a9c863d86aef97ad08e0d26f7905e3adcd01
maintenance_risk_set,2301830,202202,False,True,False,False,True,True,202512,2022,aim1_hospital_continuity.parquet,528628b255700c3c5a266029ef99a9c863d86aef97ad08e0d26f7905e3adcd01
maintenance_risk_set,2306336,202504,False,False,False,False,NA,NA,NA,2025,aim1_hospital_continuity.parquet,528628b255700c3c5a266029ef99a9c863d86aef97ad08e0d26f7905e3adcd01
maintenance_risk_set,2319659,202510,False,False,False,False,NA,NA,NA,2025,aim1_hospital_continuity.parquet,528628b255700c3c5a266029ef99a9c863d86aef97ad08e0d26f7905e3adcd01
maintenance_risk_set,2323249,202308,False,False,True,False,False,False,202512,2023,aim1_hospital_continuity.parquet,528628b255700c3c5a266029ef99a9c863d86aef97ad08e0d26f7905e3adcd01
maintenance_risk_set,2332981,202103,False,True,True,True,True,True,202512,2021,aim1_hospital_continuity.parquet,528628b255700c3c5a266029ef99a9c863d86aef97ad08e0d26f7905e3adcd01
maintenance_risk_set,2333031,202112,False,True,True,True,False,True,202512,2021,aim1_hospital_continuity.parquet,528628b255700c3c5a266029ef99a9c863d86aef97ad08e0d26f7905e3adcd01
maintenance_risk_set,2334321,202210,False,True,False,False,True,False,202512,2022,aim1_hospital_continuity.parquet,528628b255700c3c5a266029ef99a9c863d86aef97ad08e0d26f7905e3adcd01
maintenance_risk_set,2338262,202412,False,False,False,False,False,False,202512,2024,aim1_hospital_continuity.parquet,528628b255700c3c5a266029ef99a9c863d86aef97ad08e0d26f7905e3adcd01
maintenance_risk_set,2338424,202107,False,True,True,True,False,True,202512,2021,aim1_hospital_continuity.parquet,528628b255700c3c5a266029ef99a9c863d86aef97ad08e0d26f7905e3adcd01
maintenance_risk_set,2338734,202208,False,True,False,False,True,True,202512,2022,aim1_hospital_continuity.parquet,528628b255700c3c5a266029ef99a9c863d86aef97ad08e0d26f7905e3adcd01
maintenance_risk_set,2339110,202301,False,True,True,False,True,False,202512,2023,aim1_hospital_continuity.parquet,528628b255700c3c5a266029ef99a9c863d86aef97ad08e0d26f7905e3adcd01
maintenance_risk_set,2340194,202402,False,False,False,False,False,False,202512,2024,aim1_hospital_continuity.parquet,528628b255700c3c5a266029ef99a9c863d86aef97ad08e0d26f7905e3adcd01
maintenance_risk_set,2340690,202310,False,True,False,False,True,True,202512,2023,aim1_hospital_continuity.parquet,528628b255700c3c5a266029ef99a9c863d86aef97ad08e0d26f7905e3adcd01
maintenance_risk_set,2362856,202308,False,True,True,True,False,True,202512,2023,aim1_hospital_continuity.parquet,528628b255700c3c5a266029ef99a9c863d86aef97ad08e0d26f7905e3adcd01
maintenance_risk_set,2379333,202206,False,True,True,True,False,True,202512,2022,aim1_hospital_continuity.parquet,528628b255700c3c5a266029ef99a9c863d86aef97ad08e0d26f7905e3adcd01
maintenance_risk_set,2384299,202102,False,True,False,False,True,True,202512,2021,aim1_hospital_continuity.parquet,528628b255700c3c5a266029ef99a9c863d86aef97ad08e0d26f7905e3adcd01
maintenance_risk_set,2395886,202512,False,False,False,False,NA,NA,NA,2025,aim1_hospital_continuity.parquet,528628b255700c3c5a266029ef99a9c863d86aef97ad08e0d26f7905e3adcd01
maintenance_risk_set,2396866,202112,False,True,False,False,True,True,202512,2021,aim1_hospital_continuity.parquet,528628b255700c3c5a266029ef99a9c863d86aef97ad08e0d26f7905e3adcd01
maintenance_risk_set,2397463,202409,False,False,False,False,False,False,202512,2024,aim1_hospital_continuity.parquet,528628b255700c3c5a266029ef99a9c863d86aef97ad08e0d26f7905e3adcd01
maintenance_risk_set,2397676,202510,False,False,False,False,NA,NA,NA,2025,aim1_hospital_continuity.parquet,528628b255700c3c5a266029ef99a9c863d86aef97ad08e0d26f7905e3adcd01
maintenance_risk_set,2399318,202109,False,False,True,False,False,False,202512,2021,aim1_hospital_continuity.parquet,528628b255700c3c5a266029ef99a9c863d86aef97ad08e0d26f7905e3adcd01
maintenance_risk_set,2399555,202204,False,True,True,True,True,True,202512,2022,aim1_hospital_continuity.parquet,528628b255700c3c5a266029ef99a9c863d86aef97ad08e0d26f7905e3adcd01
maintenance_risk_set,2399741,202510,False,False,False,False,NA,NA,NA,2025,aim1_hospital_continuity.parquet,528628b255700c3c5a266029ef99a9c863d86aef97ad08e0d26f7905e3adcd01
maintenance_risk_set,2399776,202102,False,False,True,True,False,False,202512,2021,aim1_hospital_continuity.parquet,528628b255700c3c5a266029ef99a9c863d86aef97ad08e0d26f7905e3adcd01
maintenance_risk_set,2400243,202103,False,True,False,False,True,True,202512,2021,aim1_hospital_continuity.parquet,528628b255700c3c5a266029ef99a9c863d86aef97ad08e0d26f7905e3adcd01
maintenance_risk_set,2400324,202309,False,True,False,False,True,True,202512,2023,aim1_hospital_continuity.parquet,528628b255700c3c5a266029ef99a9c863d86aef97ad08e0d26f7905e3adcd01
maintenance_risk_set,2400693,202109,False,True,False,False,True,True,202512,2021,aim1_hospital_continuity.parquet,528628b255700c3c5a266029ef99a9c863d86aef97ad08e0d26f7905e3adcd01
maintenance_risk_set,2402076,202309,False,True,True,True,False,True,202512,2023,aim1_hospital_continuity.parquet,528628b255700c3c5a266029ef99a9c863d86aef97ad08e0d26f7905e3adcd01
maintenance_risk_set,2409194,202210,False,True,False,False,True,True,202512,2022,aim1_hospital_continuity.parquet,528628b255700c3c5a266029ef99a9c863d86aef97ad08e0d26f7905e3adcd01
maintenance_risk_set,2427419,202110,False,True,False,False,True,True,202512,2021,aim1_hospital_continuity.parquet,528628b255700c3c5a266029ef99a9c863d86aef97ad08e0d26f7905e3adcd01
maintenance_risk_set,2427427,202510,False,False,False,False,NA,NA,NA,2025,aim1_hospital_continuity.parquet,528628b255700c3c5a266029ef99a9c863d86aef97ad08e0d26f7905e3adcd01
maintenance_risk_set,2436450,202108,False,True,False,False,True,False,202512,2021,aim1_hospital_continuity.parquet,528628b255700c3c5a266029ef99a9c863d86aef97ad08e0d26f7905e3adcd01
maintenance_risk_set,2436469,202105,False,True,True,True,True,True,202512,2021,aim1_hospital_continuity.parquet,528628b255700c3c5a266029ef99a9c863d86aef97ad08e0d26f7905e3adcd01
maintenance_risk_set,2439360,202209,False,True,False,False,True,True,202512,2022,aim1_hospital_continuity.parquet,528628b255700c3c5a266029ef99a9c863d86aef97ad08e0d26f7905e3adcd01
maintenance_risk_set,2458799,202408,False,False,True,False,False,False,202512,2024,aim1_hospital_continuity.parquet,528628b255700c3c5a266029ef99a9c863d86aef97ad08e0d26f7905e3adcd01
maintenance_risk_set,2464594,202102,False,True,False,False,True,True,202512,2021,aim1_hospital_continuity.parquet,528628b255700c3c5a266029ef99a9c863d86aef97ad08e0d26f7905e3adcd01
maintenance_risk_set,2479907,202410,False,True,False,False,True,True,202512,2024,aim1_hospital_continuity.parquet,528628b255700c3c5a266029ef99a9c863d86aef97ad08e0d26f7905e3adcd01
maintenance_risk_set,2481286,202407,False,False,True,True,False,False,202512,2024,aim1_hospital_continuity.parquet,528628b255700c3c5a266029ef99a9c863d86aef97ad08e0d26f7905e3adcd01
maintenance_risk_set,2485680,202207,False,True,False,False,True,True,202512,2022,aim1_hospital_continuity.parquet,528628b255700c3c5a266029ef99a9c863d86aef97ad08e0d26f7905e3adcd01
maintenance_risk_set,2485729,202412,False,False,False,False,False,False,202512,2024,aim1_hospital_continuity.parquet,528628b255700c3c5a266029ef99a9c863d86aef97ad08e0d26f7905e3adcd01
maintenance_risk_set,2486199,202107,False,True,True,True,False,True,202512,2021,aim1_hospital_continuity.parquet,528628b255700c3c5a266029ef99a9c863d86aef97ad08e0d26f7905e3adcd01
maintenance_risk_set,2491710,202306,False,True,False,False,True,True,202512,2023,aim1_hospital_continuity.parquet,528628b255700c3c5a266029ef99a9c863d86aef97ad08e0d26f7905e3adcd01
maintenance_risk_set,2494442,202301,False,True,True,True,False,True,202512,2023,aim1_hospital_continuity.parquet,528628b255700c3c5a266029ef99a9c863d86aef97ad08e0d26f7905e3adcd01
maintenance_risk_set,2494450,202209,False,True,False,False,True,True,202512,2022,aim1_hospital_continuity.parquet,528628b255700c3c5a266029ef99a9c863d86aef97ad08e0d26f7905e3adcd01
maintenance_risk_set,2495279,202410,False,False,True,False,False,False,202512,2024,aim1_hospital_continuity.parquet,528628b255700c3c5a266029ef99a9c863d86aef97ad08e0d26f7905e3adcd01
maintenance_risk_set,2497654,202101,True,True,False,False,True,True,202512,2021,aim1_hospital_continuity.parquet,528628b255700c3c5a266029ef99a9c863d86aef97ad08e0d26f7905e3adcd01
maintenance_risk_set,2499363,202104,False,True,False,False,True,True,202512,2021,aim1_hospital_continuity.parquet,528628b255700c3c5a266029ef99a9c863d86aef97ad08e0d26f7905e3adcd01
maintenance_risk_set,2504332,202310,False,True,False,False,True,True,202512,2023,aim1_hospital_continuity.parquet,528628b255700c3c5a266029ef99a9c863d86aef97ad08e0d26f7905e3adcd01
maintenance_risk_set,2504537,202506,False,False,False,False,NA,NA,NA,2025,aim1_hospital_continuity.parquet,528628b255700c3c5a266029ef99a9c863d86aef97ad08e0d26f7905e3adcd01
maintenance_risk_set,2521296,202408,False,False,True,False,False,False,202512,2024,aim1_hospital_continuity.parquet,528628b255700c3c5a266029ef99a9c863d86aef97ad08e0d26f7905e3adcd01
maintenance_risk_set,2522411,202203,False,False,True,False,False,False,202512,2022,aim1_hospital_continuity.parquet,528628b255700c3c5a266029ef99a9c863d86aef97ad08e0d26f7905e3adcd01
maintenance_risk_set,2529149,202410,False,False,True,False,False,False,202512,2024,aim1_hospital_continuity.parquet,528628b255700c3c5a266029ef99a9c863d86aef97ad08e0d26f7905e3adcd01
maintenance_risk_set,2534444,202410,False,True,False,False,True,True,202512,2024,aim1_hospital_continuity.parquet,528628b255700c3c5a266029ef99a9c863d86aef97ad08e0d26f7905e3adcd01
maintenance_risk_set,2537788,202106,False,False,True,True,False,False,202512,2021,aim1_hospital_continuity.parquet,528628b255700c3c5a266029ef99a9c863d86aef97ad08e0d26f7905e3adcd01
maintenance_risk_set,2543443,202409,False,True,False,False,True,True,202512,2024,aim1_hospital_continuity.parquet,528628b255700c3c5a266029ef99a9c863d86aef97ad08e0d26f7905e3adcd01
maintenance_risk_set,2546957,202507,False,False,False,False,NA,NA,NA,2025,aim1_hospital_continuity.parquet,528628b255700c3c5a266029ef99a9c863d86aef97ad08e0d26f7905e3adcd01
maintenance_risk_set,2547317,202403,False,True,True,True,True,False,202512,2024,aim1_hospital_continuity.parquet,528628b255700c3c5a266029ef99a9c863d86aef97ad08e0d26f7905e3adcd01
maintenance_risk_set,2547821,202301,False,True,False,False,True,True,202512,2023,aim1_hospital_continuity.parquet,528628b255700c3c5a266029ef99a9c863d86aef97ad08e0d26f7905e3adcd01
maintenance_risk_set,2550792,202102,False,True,False,False,True,True,202512,2021,aim1_hospital_continuity.parquet,528628b255700c3c5a266029ef99a9c863d86aef97ad08e0d26f7905e3adcd01
maintenance_risk_set,2551764,202502,False,False,False,False,NA,NA,NA,2025,aim1_hospital_continuity.parquet,528628b255700c3c5a266029ef99a9c863d86aef97ad08e0d26f7905e3adcd01
maintenance_risk_set,2555646,202104,False,True,False,False,True,True,202512,2021,aim1_hospital_continuity.parquet,528628b255700c3c5a266029ef99a9c863d86aef97ad08e0d26f7905e3adcd01
maintenance_risk_set,2558246,202105,False,True,False,False,True,True,202512,2021,aim1_hospital_continuity.parquet,528628b255700c3c5a266029ef99a9c863d86aef97ad08e0d26f7905e3adcd01
maintenance_risk_set,2558254,202407,False,True,False,False,True,True,202512,2024,aim1_hospital_continuity.parquet,528628b255700c3c5a266029ef99a9c863d86aef97ad08e0d26f7905e3adcd01
maintenance_risk_set,2560771,202102,False,True,False,False,True,True,202512,2021,aim1_hospital_continuity.parquet,528628b255700c3c5a266029ef99a9c863d86aef97ad08e0d26f7905e3adcd01
maintenance_risk_set,2560852,202310,False,True,True,True,False,True,202512,2023,aim1_hospital_continuity.parquet,528628b255700c3c5a266029ef99a9c863d86aef97ad08e0d26f7905e3adcd01
maintenance_risk_set,2561492,202103,False,True,False,False,True,True,202512,2021,aim1_hospital_continuity.parquet,528628b255700c3c5a266029ef99a9c863d86aef97ad08e0d26f7905e3adcd01
maintenance_risk_set,2568713,202303,False,False,True,True,False,False,202512,2023,aim1_hospital_continuity.parquet,528628b255700c3c5a266029ef99a9c863d86aef97ad08e0d26f7905e3adcd01
maintenance_risk_set,2571072,202207,False,True,True,True,True,False,202512,2022,aim1_hospital_continuity.parquet,528628b255700c3c5a266029ef99a9c863d86aef97ad08e0d26f7905e3adcd01
maintenance_risk_set,2576341,202102,False,True,False,False,True,True,202512,2021,aim1_hospital_continuity.parquet,528628b255700c3c5a266029ef99a9c863d86aef97ad08e0d26f7905e3adcd01
maintenance_risk_set,2577623,202102,False,True,False,False,True,True,202512,2021,aim1_hospital_continuity.parquet,528628b255700c3c5a266029ef99a9c863d86aef97ad08e0d26f7905e3adcd01
maintenance_risk_set,2580055,202101,True,True,False,False,True,True,202512,2021,aim1_hospital_continuity.parquet,528628b255700c3c5a266029ef99a9c863d86aef97ad08e0d26f7905e3adcd01
maintenance_risk_set,2586142,202102,False,True,False,False,True,True,202512,2021,aim1_hospital_continuity.parquet,528628b255700c3c5a266029ef99a9c863d86aef97ad08e0d26f7905e3adcd01
maintenance_risk_set,2587335,202103,False,True,False,False,True,True,202512,2021,aim1_hospital_continuity.parquet,528628b255700c3c5a266029ef99a9c863d86aef97ad08e0d26f7905e3adcd01
maintenance_risk_set,2589265,202406,False,True,False,False,True,True,202512,2024,aim1_hospital_continuity.parquet,528628b255700c3c5a266029ef99a9c863d86aef97ad08e0d26f7905e3adcd01
maintenance_risk_set,2591049,202108,False,True,True,True,True,False,202512,2021,aim1_hospital_continuity.parquet,528628b255700c3c5a266029ef99a9c863d86aef97ad08e0d26f7905e3adcd01
maintenance_risk_set,2600536,202112,False,True,True,True,False,True,202512,2021,aim1_hospital_continuity.parquet,528628b255700c3c5a266029ef99a9c863d86aef97ad08e0d26f7905e3adcd01
maintenance_risk_set,2621614,202502,False,False,True,False,NA,NA,NA,2025,aim1_hospital_continuity.parquet,528628b255700c3c5a266029ef99a9c863d86aef97ad08e0d26f7905e3adcd01
maintenance_risk_set,2646536,202203,False,True,False,False,True,True,202512,2022,aim1_hospital_continuity.parquet,528628b255700c3c5a266029ef99a9c863d86aef97ad08e0d26f7905e3adcd01
maintenance_risk_set,2646773,202402,False,True,False,False,True,True,202512,2024,aim1_hospital_continuity.parquet,528628b255700c3c5a266029ef99a9c863d86aef97ad08e0d26f7905e3adcd01
maintenance_risk_set,2651610,202102,False,True,False,False,True,True,202512,2021,aim1_hospital_continuity.parquet,528628b255700c3c5a266029ef99a9c863d86aef97ad08e0d26f7905e3adcd01
maintenance_risk_set,2653982,202101,True,True,False,False,True,True,202512,2021,aim1_hospital_continuity.parquet,528628b255700c3c5a266029ef99a9c863d86aef97ad08e0d26f7905e3adcd01
maintenance_risk_set,2655411,202403,False,False,True,False,False,False,202512,2024,aim1_hospital_continuity.parquet,528628b255700c3c5a266029ef99a9c863d86aef97ad08e0d26f7905e3adcd01
maintenance_risk_set,2659107,202510,False,False,False,False,NA,NA,NA,2025,aim1_hospital_continuity.parquet,528628b255700c3c5a266029ef99a9c863d86aef97ad08e0d26f7905e3adcd01
maintenance_risk_set,2672839,202406,False,True,False,False,True,True,202512,2024,aim1_hospital_continuity.parquet,528628b255700c3c5a266029ef99a9c863d86aef97ad08e0d26f7905e3adcd01
maintenance_risk_set,2686953,202106,False,True,False,False,True,True,202512,2021,aim1_hospital_continuity.parquet,528628b255700c3c5a266029ef99a9c863d86aef97ad08e0d26f7905e3adcd01
maintenance_risk_set,2688433,202407,False,True,False,False,False,True,202512,2024,aim1_hospital_continuity.parquet,528628b255700c3c5a266029ef99a9c863d86aef97ad08e0d26f7905e3adcd01
maintenance_risk_set,2688689,202102,False,True,False,False,True,True,202512,2021,aim1_hospital_continuity.parquet,528628b255700c3c5a266029ef99a9c863d86aef97ad08e0d26f7905e3adcd01
maintenance_risk_set,2691841,202108,False,True,False,False,False,True,202512,2021,aim1_hospital_continuity.parquet,528628b255700c3c5a266029ef99a9c863d86aef97ad08e0d26f7905e3adcd01
maintenance_risk_set,2691868,202409,False,False,True,False,False,False,202512,2024,aim1_hospital_continuity.parquet,528628b255700c3c5a266029ef99a9c863d86aef97ad08e0d26f7905e3adcd01
maintenance_risk_set,2696940,202204,False,True,True,False,True,False,202512,2022,aim1_hospital_continuity.parquet,528628b255700c3c5a266029ef99a9c863d86aef97ad08e0d26f7905e3adcd01
maintenance_risk_set,2697661,202508,False,False,False,False,NA,NA,NA,2025,aim1_hospital_continuity.parquet,528628b255700c3c5a266029ef99a9c863d86aef97ad08e0d26f7905e3adcd01
maintenance_risk_set,2704900,202101,True,True,False,False,True,True,202512,2021,aim1_hospital_continuity.parquet,528628b255700c3c5a266029ef99a9c863d86aef97ad08e0d26f7905e3adcd01
maintenance_risk_set,2705982,202101,True,True,False,False,True,True,202512,2021,aim1_hospital_continuity.parquet,528628b255700c3c5a266029ef99a9c863d86aef97ad08e0d26f7905e3adcd01
maintenance_risk_set,2707675,202207,False,True,True,True,False,True,202512,2022,aim1_hospital_continuity.parquet,528628b255700c3c5a266029ef99a9c863d86aef97ad08e0d26f7905e3adcd01
maintenance_risk_set,2707918,202508,False,False,False,False,NA,NA,NA,2025,aim1_hospital_continuity.parquet,528628b255700c3c5a266029ef99a9c863d86aef97ad08e0d26f7905e3adcd01
maintenance_risk_set,2708779,202104,False,False,True,True,False,False,202512,2021,aim1_hospital_continuity.parquet,528628b255700c3c5a266029ef99a9c863d86aef97ad08e0d26f7905e3adcd01
maintenance_risk_set,2710935,202509,False,False,False,False,NA,NA,NA,2025,aim1_hospital_continuity.parquet,528628b255700c3c5a266029ef99a9c863d86aef97ad08e0d26f7905e3adcd01
maintenance_risk_set,2726653,202104,False,True,False,False,False,True,202512,2021,aim1_hospital_continuity.parquet,528628b255700c3c5a266029ef99a9c863d86aef97ad08e0d26f7905e3adcd01
maintenance_risk_set,2726726,202407,False,False,True,True,False,False,202512,2024,aim1_hospital_continuity.parquet,528628b255700c3c5a266029ef99a9c863d86aef97ad08e0d26f7905e3adcd01
maintenance_risk_set,2726971,202109,False,True,True,True,True,True,202512,2021,aim1_hospital_continuity.parquet,528628b255700c3c5a266029ef99a9c863d86aef97ad08e0d26f7905e3adcd01
maintenance_risk_set,2726998,202507,False,False,False,False,NA,NA,NA,2025,aim1_hospital_continuity.parquet,528628b255700c3c5a266029ef99a9c863d86aef97ad08e0d26f7905e3adcd01
maintenance_risk_set,2733307,202301,False,True,False,False,True,False,202512,2023,aim1_hospital_continuity.parquet,528628b255700c3c5a266029ef99a9c863d86aef97ad08e0d26f7905e3adcd01
maintenance_risk_set,2738309,202107,False,True,False,False,True,True,202512,2021,aim1_hospital_continuity.parquet,528628b255700c3c5a266029ef99a9c863d86aef97ad08e0d26f7905e3adcd01
maintenance_risk_set,2738368,202103,False,True,False,False,True,True,202512,2021,aim1_hospital_continuity.parquet,528628b255700c3c5a266029ef99a9c863d86aef97ad08e0d26f7905e3adcd01
maintenance_risk_set,2740338,202103,False,True,False,False,True,True,202512,2021,aim1_hospital_continuity.parquet,528628b255700c3c5a266029ef99a9c863d86aef97ad08e0d26f7905e3adcd01
maintenance_risk_set,2743469,202103,False,True,False,False,True,True,202512,2021,aim1_hospital_continuity.parquet,528628b255700c3c5a266029ef99a9c863d86aef97ad08e0d26f7905e3adcd01
maintenance_risk_set,2743477,202304,False,False,True,False,False,False,202512,2023,aim1_hospital_continuity.parquet,528628b255700c3c5a266029ef99a9c863d86aef97ad08e0d26f7905e3adcd01
maintenance_risk_set,2748029,202212,False,True,False,False,True,True,202512,2022,aim1_hospital_continuity.parquet,528628b255700c3c5a266029ef99a9c863d86aef97ad08e0d26f7905e3adcd01
maintenance_risk_set,2748223,202101,True,True,False,False,True,True,202512,2021,aim1_hospital_continuity.parquet,528628b255700c3c5a266029ef99a9c863d86aef97ad08e0d26f7905e3adcd01
maintenance_risk_set,2752700,202205,False,True,True,True,False,True,202512,2022,aim1_hospital_continuity.parquet,528628b255700c3c5a266029ef99a9c863d86aef97ad08e0d26f7905e3adcd01
maintenance_risk_set,2753278,202405,False,True,False,False,True,True,202512,2024,aim1_hospital_continuity.parquet,528628b255700c3c5a266029ef99a9c863d86aef97ad08e0d26f7905e3adcd01
maintenance_risk_set,2755130,202101,True,True,False,False,True,True,202512,2021,aim1_hospital_continuity.parquet,528628b255700c3c5a266029ef99a9c863d86aef97ad08e0d26f7905e3adcd01
maintenance_risk_set,2755165,202104,False,False,True,True,False,False,202512,2021,aim1_hospital_continuity.parquet,528628b255700c3c5a266029ef99a9c863d86aef97ad08e0d26f7905e3adcd01
maintenance_risk_set,2756951,202207,False,True,False,False,True,True,202512,2022,aim1_hospital_continuity.parquet,528628b255700c3c5a266029ef99a9c863d86aef97ad08e0d26f7905e3adcd01
maintenance_risk_set,2758164,202107,False,True,False,False,True,True,202512,2021,aim1_hospital_continuity.parquet,528628b255700c3c5a266029ef99a9c863d86aef97ad08e0d26f7905e3adcd01
maintenance_risk_set,2761092,202312,False,True,True,True,False,True,202512,2023,aim1_hospital_continuity.parquet,528628b255700c3c5a266029ef99a9c863d86aef97ad08e0d26f7905e3adcd01
maintenance_risk_set,2767953,202208,False,True,False,False,True,True,202512,2022,aim1_hospital_continuity.parquet,528628b255700c3c5a266029ef99a9c863d86aef97ad08e0d26f7905e3adcd01
maintenance_risk_set,2772310,202101,True,True,False,False,True,True,202512,2021,aim1_hospital_continuity.parquet,528628b255700c3c5a266029ef99a9c863d86aef97ad08e0d26f7905e3adcd01
maintenance_risk_set,2775999,202101,True,True,False,False,True,True,202512,2021,aim1_hospital_continuity.parquet,528628b255700c3c5a266029ef99a9c863d86aef97ad08e0d26f7905e3adcd01
maintenance_risk_set,2776006,202310,False,False,True,False,False,False,202512,2023,aim1_hospital_continuity.parquet,528628b255700c3c5a266029ef99a9c863d86aef97ad08e0d26f7905e3adcd01
maintenance_risk_set,2781859,202104,False,True,False,False,True,True,202512,2021,aim1_hospital_continuity.parquet,528628b255700c3c5a266029ef99a9c863d86aef97ad08e0d26f7905e3adcd01
maintenance_risk_set,2786117,202206,False,True,True,True,False,True,202512,2022,aim1_hospital_continuity.parquet,528628b255700c3c5a266029ef99a9c863d86aef97ad08e0d26f7905e3adcd01
maintenance_risk_set,2786435,202101,True,True,False,False,True,True,202512,2021,aim1_hospital_continuity.parquet,528628b255700c3c5a266029ef99a9c863d86aef97ad08e0d26f7905e3adcd01
maintenance_risk_set,2786680,202512,False,False,False,False,NA,NA,NA,2025,aim1_hospital_continuity.parquet,528628b255700c3c5a266029ef99a9c863d86aef97ad08e0d26f7905e3adcd01
maintenance_risk_set,2790602,202203,False,True,True,True,True,True,202512,2022,aim1_hospital_continuity.parquet,528628b255700c3c5a266029ef99a9c863d86aef97ad08e0d26f7905e3adcd01
maintenance_risk_set,2791722,202102,False,True,False,False,True,True,202512,2021,aim1_hospital_continuity.parquet,528628b255700c3c5a266029ef99a9c863d86aef97ad08e0d26f7905e3adcd01
maintenance_risk_set,2792168,202101,True,True,True,False,True,False,202512,2021,aim1_hospital_continuity.parquet,528628b255700c3c5a266029ef99a9c863d86aef97ad08e0d26f7905e3adcd01
maintenance_risk_set,2792176,202108,False,True,False,False,True,True,202512,2021,aim1_hospital_continuity.parquet,528628b255700c3c5a266029ef99a9c863d86aef97ad08e0d26f7905e3adcd01
maintenance_risk_set,2795655,202303,False,True,False,False,True,True,202512,2023,aim1_hospital_continuity.parquet,528628b255700c3c5a266029ef99a9c863d86aef97ad08e0d26f7905e3adcd01
maintenance_risk_set,2798298,202101,True,True,False,False,True,True,202512,2021,aim1_hospital_continuity.parquet,528628b255700c3c5a266029ef99a9c863d86aef97ad08e0d26f7905e3adcd01
maintenance_risk_set,2798484,202303,False,True,False,False,True,True,202512,2023,aim1_hospital_continuity.parquet,528628b255700c3c5a266029ef99a9c863d86aef97ad08e0d26f7905e3adcd01
maintenance_risk_set,2798662,202306,False,True,False,False,True,True,202512,2023,aim1_hospital_continuity.parquet,528628b255700c3c5a266029ef99a9c863d86aef97ad08e0d26f7905e3adcd01
maintenance_risk_set,2799758,202111,False,True,False,False,True,True,202512,2021,aim1_hospital_continuity.parquet,528628b255700c3c5a266029ef99a9c863d86aef97ad08e0d26f7905e3adcd01
maintenance_risk_set,2802783,202103,False,True,False,False,True,True,202512,2021,aim1_hospital_continuity.parquet,528628b255700c3c5a266029ef99a9c863d86aef97ad08e0d26f7905e3adcd01
maintenance_risk_set,2816210,202211,False,True,True,True,False,True,202512,2022,aim1_hospital_continuity.parquet,528628b255700c3c5a266029ef99a9c863d86aef97ad08e0d26f7905e3adcd01
maintenance_risk_set,2825589,202201,False,False,True,False,False,False,202512,2022,aim1_hospital_continuity.parquet,528628b255700c3c5a266029ef99a9c863d86aef97ad08e0d26f7905e3adcd01
maintenance_risk_set,2945622,202302,False,True,False,False,True,True,202512,2023,aim1_hospital_continuity.parquet,528628b255700c3c5a266029ef99a9c863d86aef97ad08e0d26f7905e3adcd01
maintenance_risk_set,3075516,202104,False,True,False,False,True,True,202512,2021,aim1_hospital_continuity.parquet,528628b255700c3c5a266029ef99a9c863d86aef97ad08e0d26f7905e3adcd01
maintenance_risk_set,3126838,202101,True,True,False,False,True,True,202512,2021,aim1_hospital_continuity.parquet,528628b255700c3c5a266029ef99a9c863d86aef97ad08e0d26f7905e3adcd01
maintenance_risk_set,3157245,202102,False,True,False,False,True,True,202512,2021,aim1_hospital_continuity.parquet,528628b255700c3c5a266029ef99a9c863d86aef97ad08e0d26f7905e3adcd01
maintenance_risk_set,3212130,202306,False,True,False,False,True,True,202512,2023,aim1_hospital_continuity.parquet,528628b255700c3c5a266029ef99a9c863d86aef97ad08e0d26f7905e3adcd01
maintenance_risk_set,3276678,202207,False,False,True,True,False,False,202512,2022,aim1_hospital_continuity.parquet,528628b255700c3c5a266029ef99a9c863d86aef97ad08e0d26f7905e3adcd01
maintenance_risk_set,3285391,202102,False,True,False,False,True,True,202512,2021,aim1_hospital_continuity.parquet,528628b255700c3c5a266029ef99a9c863d86aef97ad08e0d26f7905e3adcd01
maintenance_risk_set,3397874,202510,False,False,False,False,NA,NA,NA,2025,aim1_hospital_continuity.parquet,528628b255700c3c5a266029ef99a9c863d86aef97ad08e0d26f7905e3adcd01
maintenance_risk_set,3508528,202405,False,True,False,False,True,True,202512,2024,aim1_hospital_continuity.parquet,528628b255700c3c5a266029ef99a9c863d86aef97ad08e0d26f7905e3adcd01
maintenance_risk_set,3675580,202408,False,True,False,False,True,True,202512,2024,aim1_hospital_continuity.parquet,528628b255700c3c5a266029ef99a9c863d86aef97ad08e0d26f7905e3adcd01
maintenance_risk_set,3771962,202511,False,False,False,False,NA,NA,NA,2025,aim1_hospital_continuity.parquet,528628b255700c3c5a266029ef99a9c863d86aef97ad08e0d26f7905e3adcd01
maintenance_risk_set,3972925,202302,False,False,True,True,False,False,202512,2023,aim1_hospital_continuity.parquet,528628b255700c3c5a266029ef99a9c863d86aef97ad08e0d26f7905e3adcd01
maintenance_risk_set,4001303,202108,False,True,True,True,False,True,202512,2021,aim1_hospital_continuity.parquet,528628b255700c3c5a266029ef99a9c863d86aef97ad08e0d26f7905e3adcd01
maintenance_risk_set,4005732,202510,False,False,False,False,NA,NA,NA,2025,aim1_hospital_continuity.parquet,528628b255700c3c5a266029ef99a9c863d86aef97ad08e0d26f7905e3adcd01
maintenance_risk_set,4028155,202311,False,True,False,False,True,True,202512,2023,aim1_hospital_continuity.parquet,528628b255700c3c5a266029ef99a9c863d86aef97ad08e0d26f7905e3adcd01
maintenance_risk_set,4034236,202403,False,True,True,True,False,True,202512,2024,aim1_hospital_continuity.parquet,528628b255700c3c5a266029ef99a9c863d86aef97ad08e0d26f7905e3adcd01
maintenance_risk_set,4042085,202311,False,False,True,True,False,False,202512,2023,aim1_hospital_continuity.parquet,528628b255700c3c5a266029ef99a9c863d86aef97ad08e0d26f7905e3adcd01
maintenance_risk_set,4044916,202105,False,True,False,False,True,True,202512,2021,aim1_hospital_continuity.parquet,528628b255700c3c5a266029ef99a9c863d86aef97ad08e0d26f7905e3adcd01
maintenance_risk_set,4049020,202408,False,False,True,False,False,False,202512,2024,aim1_hospital_continuity.parquet,528628b255700c3c5a266029ef99a9c863d86aef97ad08e0d26f7905e3adcd01
maintenance_risk_set,4051165,202303,False,False,False,False,False,False,202512,2023,aim1_hospital_continuity.parquet,528628b255700c3c5a266029ef99a9c863d86aef97ad08e0d26f7905e3adcd01
maintenance_risk_set,4056752,202206,False,True,False,False,True,True,202512,2022,aim1_hospital_continuity.parquet,528628b255700c3c5a266029ef99a9c863d86aef97ad08e0d26f7905e3adcd01
maintenance_risk_set,4089189,202310,False,False,True,False,False,False,202512,2023,aim1_hospital_continuity.parquet,528628b255700c3c5a266029ef99a9c863d86aef97ad08e0d26f7905e3adcd01
maintenance_risk_set,4190203,202312,False,True,False,False,True,True,202512,2023,aim1_hospital_continuity.parquet,528628b255700c3c5a266029ef99a9c863d86aef97ad08e0d26f7905e3adcd01
maintenance_risk_set,4578732,202407,False,True,False,False,True,True,202512,2024,aim1_hospital_continuity.parquet,528628b255700c3c5a266029ef99a9c863d86aef97ad08e0d26f7905e3adcd01
maintenance_risk_set,4635612,202410,False,True,False,False,True,True,202512,2024,aim1_hospital_continuity.parquet,528628b255700c3c5a266029ef99a9c863d86aef97ad08e0d26f7905e3adcd01
maintenance_risk_set,4943309,202509,False,False,False,False,NA,NA,NA,2025,aim1_hospital_continuity.parquet,528628b255700c3c5a266029ef99a9c863d86aef97ad08e0d26f7905e3adcd01
maintenance_risk_set,4963938,202505,False,False,False,False,NA,NA,NA,2025,aim1_hospital_continuity.parquet,528628b255700c3c5a266029ef99a9c863d86aef97ad08e0d26f7905e3adcd01
maintenance_risk_set,5061989,202306,False,True,False,False,True,True,202512,2023,aim1_hospital_continuity.parquet,528628b255700c3c5a266029ef99a9c863d86aef97ad08e0d26f7905e3adcd01
maintenance_risk_set,5169976,202204,False,True,True,True,True,True,202512,2022,aim1_hospital_continuity.parquet,528628b255700c3c5a266029ef99a9c863d86aef97ad08e0d26f7905e3adcd01
maintenance_risk_set,5200105,202208,False,True,False,False,True,True,202512,2022,aim1_hospital_continuity.parquet,528628b255700c3c5a266029ef99a9c863d86aef97ad08e0d26f7905e3adcd01
maintenance_risk_set,5274990,202503,False,False,False,False,NA,NA,NA,2025,aim1_hospital_continuity.parquet,528628b255700c3c5a266029ef99a9c863d86aef97ad08e0d26f7905e3adcd01
maintenance_risk_set,5336171,202401,False,True,False,False,True,True,202512,2024,aim1_hospital_continuity.parquet,528628b255700c3c5a266029ef99a9c863d86aef97ad08e0d26f7905e3adcd01
maintenance_risk_set,5412447,202208,False,True,False,False,True,True,202512,2022,aim1_hospital_continuity.parquet,528628b255700c3c5a266029ef99a9c863d86aef97ad08e0d26f7905e3adcd01
maintenance_risk_set,5419662,202209,False,False,True,False,False,False,202512,2022,aim1_hospital_continuity.parquet,528628b255700c3c5a266029ef99a9c863d86aef97ad08e0d26f7905e3adcd01
maintenance_risk_set,5585422,202106,False,True,False,False,True,True,202512,2021,aim1_hospital_continuity.parquet,528628b255700c3c5a266029ef99a9c863d86aef97ad08e0d26f7905e3adcd01
maintenance_risk_set,5597501,202107,False,True,False,False,True,True,202512,2021,aim1_hospital_continuity.parquet,528628b255700c3c5a266029ef99a9c863d86aef97ad08e0d26f7905e3adcd01
maintenance_risk_set,5599504,202407,False,True,False,False,True,True,202512,2024,aim1_hospital_continuity.parquet,528628b255700c3c5a266029ef99a9c863d86aef97ad08e0d26f7905e3adcd01
maintenance_risk_set,5717515,202504,False,False,False,False,NA,NA,NA,2025,aim1_hospital_continuity.parquet,528628b255700c3c5a266029ef99a9c863d86aef97ad08e0d26f7905e3adcd01
maintenance_risk_set,5860490,202203,False,True,False,False,True,True,202512,2022,aim1_hospital_continuity.parquet,528628b255700c3c5a266029ef99a9c863d86aef97ad08e0d26f7905e3adcd01
maintenance_risk_set,6007317,202204,False,True,False,False,False,True,202512,2022,aim1_hospital_continuity.parquet,528628b255700c3c5a266029ef99a9c863d86aef97ad08e0d26f7905e3adcd01
maintenance_risk_set,6048692,202306,False,False,True,True,False,False,202512,2023,aim1_hospital_continuity.parquet,528628b255700c3c5a266029ef99a9c863d86aef97ad08e0d26f7905e3adcd01
maintenance_risk_set,6069134,202509,False,False,False,False,NA,NA,NA,2025,aim1_hospital_continuity.parquet,528628b255700c3c5a266029ef99a9c863d86aef97ad08e0d26f7905e3adcd01
maintenance_risk_set,6085423,202308,False,True,False,False,True,True,202512,2023,aim1_hospital_continuity.parquet,528628b255700c3c5a266029ef99a9c863d86aef97ad08e0d26f7905e3adcd01
maintenance_risk_set,6095666,202204,False,True,False,False,True,True,202512,2022,aim1_hospital_continuity.parquet,528628b255700c3c5a266029ef99a9c863d86aef97ad08e0d26f7905e3adcd01
maintenance_risk_set,6123740,202103,False,True,False,False,True,True,202512,2021,aim1_hospital_continuity.parquet,528628b255700c3c5a266029ef99a9c863d86aef97ad08e0d26f7905e3adcd01
maintenance_risk_set,6201059,202103,False,True,True,True,False,True,202512,2021,aim1_hospital_continuity.parquet,528628b255700c3c5a266029ef99a9c863d86aef97ad08e0d26f7905e3adcd01
maintenance_risk_set,6431569,202506,False,False,False,False,NA,NA,NA,2025,aim1_hospital_continuity.parquet,528628b255700c3c5a266029ef99a9c863d86aef97ad08e0d26f7905e3adcd01
maintenance_risk_set,6542638,202103,False,True,False,False,True,True,202512,2021,aim1_hospital_continuity.parquet,528628b255700c3c5a266029ef99a9c863d86aef97ad08e0d26f7905e3adcd01
maintenance_risk_set,6595197,202308,False,True,False,False,True,True,202512,2023,aim1_hospital_continuity.parquet,528628b255700c3c5a266029ef99a9c863d86aef97ad08e0d26f7905e3adcd01
maintenance_risk_set,6599877,202409,False,False,True,False,False,False,202512,2024,aim1_hospital_continuity.parquet,528628b255700c3c5a266029ef99a9c863d86aef97ad08e0d26f7905e3adcd01
maintenance_risk_set,6601804,202102,False,True,False,False,True,True,202512,2021,aim1_hospital_continuity.parquet,528628b255700c3c5a266029ef99a9c863d86aef97ad08e0d26f7905e3adcd01
maintenance_risk_set,6665322,202201,False,True,False,False,True,True,202512,2022,aim1_hospital_continuity.parquet,528628b255700c3c5a266029ef99a9c863d86aef97ad08e0d26f7905e3adcd01
maintenance_risk_set,6756107,202108,False,True,False,False,True,True,202512,2021,aim1_hospital_continuity.parquet,528628b255700c3c5a266029ef99a9c863d86aef97ad08e0d26f7905e3adcd01
maintenance_risk_set,6779522,202305,False,True,False,False,True,True,202512,2023,aim1_hospital_continuity.parquet,528628b255700c3c5a266029ef99a9c863d86aef97ad08e0d26f7905e3adcd01
maintenance_risk_set,6848710,202302,False,True,False,False,True,True,202512,2023,aim1_hospital_continuity.parquet,528628b255700c3c5a266029ef99a9c863d86aef97ad08e0d26f7905e3adcd01
maintenance_risk_set,6876617,202102,False,False,True,True,False,False,202512,2021,aim1_hospital_continuity.parquet,528628b255700c3c5a266029ef99a9c863d86aef97ad08e0d26f7905e3adcd01
maintenance_risk_set,6878687,202108,False,True,False,False,True,True,202512,2021,aim1_hospital_continuity.parquet,528628b255700c3c5a266029ef99a9c863d86aef97ad08e0d26f7905e3adcd01
maintenance_risk_set,6920977,202510,False,False,False,False,NA,NA,NA,2025,aim1_hospital_continuity.parquet,528628b255700c3c5a266029ef99a9c863d86aef97ad08e0d26f7905e3adcd01
maintenance_risk_set,6995462,202503,False,False,False,False,NA,NA,NA,2025,aim1_hospital_continuity.parquet,528628b255700c3c5a266029ef99a9c863d86aef97ad08e0d26f7905e3adcd01
maintenance_risk_set,7061021,202310,False,True,False,False,True,True,202512,2023,aim1_hospital_continuity.parquet,528628b255700c3c5a266029ef99a9c863d86aef97ad08e0d26f7905e3adcd01
maintenance_risk_set,7066376,202102,False,True,False,False,True,True,202512,2021,aim1_hospital_continuity.parquet,528628b255700c3c5a266029ef99a9c863d86aef97ad08e0d26f7905e3adcd01
maintenance_risk_set,7068336,202102,False,True,False,False,True,True,202512,2021,aim1_hospital_continuity.parquet,528628b255700c3c5a266029ef99a9c863d86aef97ad08e0d26f7905e3adcd01
maintenance_risk_set,7257406,202110,False,True,False,False,True,True,202512,2021,aim1_hospital_continuity.parquet,528628b255700c3c5a266029ef99a9c863d86aef97ad08e0d26f7905e3adcd01
maintenance_risk_set,7283458,202301,False,False,True,True,False,False,202512,2023,aim1_hospital_continuity.parquet,528628b255700c3c5a266029ef99a9c863d86aef97ad08e0d26f7905e3adcd01
maintenance_risk_set,7354746,202301,False,False,True,True,False,False,202512,2023,aim1_hospital_continuity.parquet,528628b255700c3c5a266029ef99a9c863d86aef97ad08e0d26f7905e3adcd01
maintenance_risk_set,7373465,202110,False,True,False,False,True,True,202512,2021,aim1_hospital_continuity.parquet,528628b255700c3c5a266029ef99a9c863d86aef97ad08e0d26f7905e3adcd01
maintenance_risk_set,7400926,202110,False,True,True,True,False,True,202512,2021,aim1_hospital_continuity.parquet,528628b255700c3c5a266029ef99a9c863d86aef97ad08e0d26f7905e3adcd01
maintenance_risk_set,7498810,202103,False,True,False,False,True,True,202512,2021,aim1_hospital_continuity.parquet,528628b255700c3c5a266029ef99a9c863d86aef97ad08e0d26f7905e3adcd01
maintenance_risk_set,7513151,202112,False,True,False,False,False,True,202512,2021,aim1_hospital_continuity.parquet,528628b255700c3c5a266029ef99a9c863d86aef97ad08e0d26f7905e3adcd01
maintenance_risk_set,7564546,202203,False,True,False,False,True,True,202512,2022,aim1_hospital_continuity.parquet,528628b255700c3c5a266029ef99a9c863d86aef97ad08e0d26f7905e3adcd01
maintenance_risk_set,7573162,202306,False,True,False,False,True,True,202512,2023,aim1_hospital_continuity.parquet,528628b255700c3c5a266029ef99a9c863d86aef97ad08e0d26f7905e3adcd01
maintenance_risk_set,7743068,202201,False,True,False,False,True,True,202512,2022,aim1_hospital_continuity.parquet,528628b255700c3c5a266029ef99a9c863d86aef97ad08e0d26f7905e3adcd01
maintenance_risk_set,7845138,202407,False,True,True,False,True,False,202512,2024,aim1_hospital_continuity.parquet,528628b255700c3c5a266029ef99a9c863d86aef97ad08e0d26f7905e3adcd01
maintenance_risk_set,7866801,202101,True,True,False,False,True,True,202512,2021,aim1_hospital_continuity.parquet,528628b255700c3c5a266029ef99a9c863d86aef97ad08e0d26f7905e3adcd01
maintenance_risk_set,7891067,202403,False,False,True,False,False,False,202512,2024,aim1_hospital_continuity.parquet,528628b255700c3c5a266029ef99a9c863d86aef97ad08e0d26f7905e3adcd01
maintenance_risk_set,7967012,202201,False,True,False,False,False,True,202512,2022,aim1_hospital_continuity.parquet,528628b255700c3c5a266029ef99a9c863d86aef97ad08e0d26f7905e3adcd01
maintenance_risk_set,9065768,202211,False,True,False,False,False,True,202512,2022,aim1_hospital_continuity.parquet,528628b255700c3c5a266029ef99a9c863d86aef97ad08e0d26f7905e3adcd01
maintenance_risk_set,9074457,202304,False,True,False,False,True,True,202512,2023,aim1_hospital_continuity.parquet,528628b255700c3c5a266029ef99a9c863d86aef97ad08e0d26f7905e3adcd01
maintenance_risk_set,9209352,202106,False,True,False,False,True,True,202512,2021,aim1_hospital_continuity.parquet,528628b255700c3c5a266029ef99a9c863d86aef97ad08e0d26f7905e3adcd01
maintenance_risk_set,9388133,202104,False,True,True,True,False,True,202512,2021,aim1_hospital_continuity.parquet,528628b255700c3c5a266029ef99a9c863d86aef97ad08e0d26f7905e3adcd01
maintenance_risk_set,9425802,202204,False,True,False,False,True,True,202512,2022,aim1_hospital_continuity.parquet,528628b255700c3c5a266029ef99a9c863d86aef97ad08e0d26f7905e3adcd01
maintenance_risk_set,9443665,202107,False,True,False,False,True,True,202512,2021,aim1_hospital_continuity.parquet,528628b255700c3c5a266029ef99a9c863d86aef97ad08e0d26f7905e3adcd01
maintenance_risk_set,9465464,202301,False,True,False,False,True,True,202512,2023,aim1_hospital_continuity.parquet,528628b255700c3c5a266029ef99a9c863d86aef97ad08e0d26f7905e3adcd01
maintenance_risk_set,9491112,202101,True,True,False,False,True,True,202512,2021,aim1_hospital_continuity.parquet,528628b255700c3c5a266029ef99a9c863d86aef97ad08e0d26f7905e3adcd01
maintenance_risk_set,9491252,202207,False,True,False,False,True,True,202512,2022,aim1_hospital_continuity.parquet,528628b255700c3c5a266029ef99a9c863d86aef97ad08e0d26f7905e3adcd01
maintenance_risk_set,9516255,202504,False,False,False,False,NA,NA,NA,2025,aim1_hospital_continuity.parquet,528628b255700c3c5a266029ef99a9c863d86aef97ad08e0d26f7905e3adcd01
maintenance_risk_set,9543856,202311,False,True,False,False,True,True,202512,2023,aim1_hospital_continuity.parquet,528628b255700c3c5a266029ef99a9c863d86aef97ad08e0d26f7905e3adcd01
maintenance_risk_set,9556095,202301,False,True,False,False,True,True,202512,2023,aim1_hospital_continuity.parquet,528628b255700c3c5a266029ef99a9c863d86aef97ad08e0d26f7905e3adcd01
maintenance_risk_set,9575936,202206,False,True,False,False,True,True,202512,2022,aim1_hospital_continuity.parquet,528628b255700c3c5a266029ef99a9c863d86aef97ad08e0d26f7905e3adcd01
maintenance_risk_set,9650105,202502,False,False,False,False,NA,NA,NA,2025,aim1_hospital_continuity.parquet,528628b255700c3c5a266029ef99a9c863d86aef97ad08e0d26f7905e3adcd01
maintenance_risk_set,9680977,202111,False,True,True,True,False,True,202512,2021,aim1_hospital_continuity.parquet,528628b255700c3c5a266029ef99a9c863d86aef97ad08e0d26f7905e3adcd01
maintenance_risk_set,9681752,202402,False,True,False,False,True,True,202512,2024,aim1_hospital_continuity.parquet,528628b255700c3c5a266029ef99a9c863d86aef97ad08e0d26f7905e3adcd01
maintenance_risk_set,9841903,202312,False,True,False,False,True,True,202512,2023,aim1_hospital_continuity.parquet,528628b255700c3c5a266029ef99a9c863d86aef97ad08e0d26f7905e3adcd01
maintenance_risk_set,9917322,202104,False,True,True,False,True,False,202512,2021,aim1_hospital_continuity.parquet,528628b255700c3c5a266029ef99a9c863d86aef97ad08e0d26f7905e3adcd01
