source_dataset,cohort,competence_month,n_unique_aih,n_active_hospitals,n_active_provider_municipalities,source_artifact,source_sha256,year,adult_population,total_population,denominator_population,rate_per_100k,denominator_definition
monthly_observed_uptake,A,202101,105,23.0,22.0,aim1_monthly_national.parquet,6d2f4fff42fcae7a60358b26ad343afc15a0098be32301557c53cf580b9b4f2d,NA,NA,NA,NA,NA,NA
monthly_observed_uptake,A,202102,315,57.0,45.0,aim1_monthly_national.parquet,6d2f4fff42fcae7a60358b26ad343afc15a0098be32301557c53cf580b9b4f2d,NA,NA,NA,NA,NA,NA
monthly_observed_uptake,A,202103,381,73.0,52.0,aim1_monthly_national.parquet,6d2f4fff42fcae7a60358b26ad343afc15a0098be32301557c53cf580b9b4f2d,NA,NA,NA,NA,NA,NA
monthly_observed_uptake,A,202104,449,76.0,53.0,aim1_monthly_national.parquet,6d2f4fff42fcae7a60358b26ad343afc15a0098be32301557c53cf580b9b4f2d,NA,NA,NA,NA,NA,NA
monthly_observed_uptake,A,202105,463,86.0,61.0,aim1_monthly_national.parquet,6d2f4fff42fcae7a60358b26ad343afc15a0098be32301557c53cf580b9b4f2d,NA,NA,NA,NA,NA,NA
monthly_observed_uptake,A,202106,541,101.0,69.0,aim1_monthly_national.parquet,6d2f4fff42fcae7a60358b26ad343afc15a0098be32301557c53cf580b9b4f2d,NA,NA,NA,NA,NA,NA
monthly_observed_uptake,A,202107,593,95.0,63.0,aim1_monthly_national.parquet,6d2f4fff42fcae7a60358b26ad343afc15a0098be32301557c53cf580b9b4f2d,NA,NA,NA,NA,NA,NA
monthly_observed_uptake,A,202108,734,108.0,73.0,aim1_monthly_national.parquet,6d2f4fff42fcae7a60358b26ad343afc15a0098be32301557c53cf580b9b4f2d,NA,NA,NA,NA,NA,NA
monthly_observed_uptake,A,202109,900,115.0,72.0,aim1_monthly_national.parquet,6d2f4fff42fcae7a60358b26ad343afc15a0098be32301557c53cf580b9b4f2d,NA,NA,NA,NA,NA,NA
monthly_observed_uptake,A,202110,846,119.0,75.0,aim1_monthly_national.parquet,6d2f4fff42fcae7a60358b26ad343afc15a0098be32301557c53cf580b9b4f2d,NA,NA,NA,NA,NA,NA
monthly_observed_uptake,A,202111,846,125.0,79.0,aim1_monthly_national.parquet,6d2f4fff42fcae7a60358b26ad343afc15a0098be32301557c53cf580b9b4f2d,NA,NA,NA,NA,NA,NA
monthly_observed_uptake,A,202112,811,120.0,79.0,aim1_monthly_national.parquet,6d2f4fff42fcae7a60358b26ad343afc15a0098be32301557c53cf580b9b4f2d,NA,NA,NA,NA,NA,NA
monthly_observed_uptake,A,202201,883,127.0,80.0,aim1_monthly_national.parquet,6d2f4fff42fcae7a60358b26ad343afc15a0098be32301557c53cf580b9b4f2d,NA,NA,NA,NA,NA,NA
monthly_observed_uptake,A,202202,818,121.0,77.0,aim1_monthly_national.parquet,6d2f4fff42fcae7a60358b26ad343afc15a0098be32301557c53cf580b9b4f2d,NA,NA,NA,NA,NA,NA
monthly_observed_uptake,A,202203,902,134.0,83.0,aim1_monthly_national.parquet,6d2f4fff42fcae7a60358b26ad343afc15a0098be32301557c53cf580b9b4f2d,NA,NA,NA,NA,NA,NA
monthly_observed_uptake,A,202204,947,137.0,89.0,aim1_monthly_national.parquet,6d2f4fff42fcae7a60358b26ad343afc15a0098be32301557c53cf580b9b4f2d,NA,NA,NA,NA,NA,NA
monthly_observed_uptake,A,202205,1011,143.0,90.0,aim1_monthly_national.parquet,6d2f4fff42fcae7a60358b26ad343afc15a0098be32301557c53cf580b9b4f2d,NA,NA,NA,NA,NA,NA
monthly_observed_uptake,A,202206,1042,136.0,87.0,aim1_monthly_national.parquet,6d2f4fff42fcae7a60358b26ad343afc15a0098be32301557c53cf580b9b4f2d,NA,NA,NA,NA,NA,NA
monthly_observed_uptake,A,202207,1104,152.0,95.0,aim1_monthly_national.parquet,6d2f4fff42fcae7a60358b26ad343afc15a0098be32301557c53cf580b9b4f2d,NA,NA,NA,NA,NA,NA
monthly_observed_uptake,A,202208,1198,162.0,99.0,aim1_monthly_national.parquet,6d2f4fff42fcae7a60358b26ad343afc15a0098be32301557c53cf580b9b4f2d,NA,NA,NA,NA,NA,NA
monthly_observed_uptake,A,202209,1312,161.0,99.0,aim1_monthly_national.parquet,6d2f4fff42fcae7a60358b26ad343afc15a0098be32301557c53cf580b9b4f2d,NA,NA,NA,NA,NA,NA
monthly_observed_uptake,A,202210,1215,163.0,104.0,aim1_monthly_national.parquet,6d2f4fff42fcae7a60358b26ad343afc15a0098be32301557c53cf580b9b4f2d,NA,NA,NA,NA,NA,NA
monthly_observed_uptake,A,202211,1234,173.0,108.0,aim1_monthly_national.parquet,6d2f4fff42fcae7a60358b26ad343afc15a0098be32301557c53cf580b9b4f2d,NA,NA,NA,NA,NA,NA
monthly_observed_uptake,A,202212,1240,170.0,100.0,aim1_monthly_national.parquet,6d2f4fff42fcae7a60358b26ad343afc15a0098be32301557c53cf580b9b4f2d,NA,NA,NA,NA,NA,NA
monthly_observed_uptake,A,202301,1299,180.0,108.0,aim1_monthly_national.parquet,6d2f4fff42fcae7a60358b26ad343afc15a0098be32301557c53cf580b9b4f2d,NA,NA,NA,NA,NA,NA
monthly_observed_uptake,A,202302,1397,178.0,106.0,aim1_monthly_national.parquet,6d2f4fff42fcae7a60358b26ad343afc15a0098be32301557c53cf580b9b4f2d,NA,NA,NA,NA,NA,NA
monthly_observed_uptake,A,202303,1570,192.0,117.0,aim1_monthly_national.parquet,6d2f4fff42fcae7a60358b26ad343afc15a0098be32301557c53cf580b9b4f2d,NA,NA,NA,NA,NA,NA
monthly_observed_uptake,A,202304,1390,188.0,113.0,aim1_monthly_national.parquet,6d2f4fff42fcae7a60358b26ad343afc15a0098be32301557c53cf580b9b4f2d,NA,NA,NA,NA,NA,NA
monthly_observed_uptake,A,202305,1418,187.0,114.0,aim1_monthly_national.parquet,6d2f4fff42fcae7a60358b26ad343afc15a0098be32301557c53cf580b9b4f2d,NA,NA,NA,NA,NA,NA
monthly_observed_uptake,A,202306,1560,199.0,119.0,aim1_monthly_national.parquet,6d2f4fff42fcae7a60358b26ad343afc15a0098be32301557c53cf580b9b4f2d,NA,NA,NA,NA,NA,NA
monthly_observed_uptake,A,202307,1508,207.0,127.0,aim1_monthly_national.parquet,6d2f4fff42fcae7a60358b26ad343afc15a0098be32301557c53cf580b9b4f2d,NA,NA,NA,NA,NA,NA
monthly_observed_uptake,A,202308,1614,204.0,122.0,aim1_monthly_national.parquet,6d2f4fff42fcae7a60358b26ad343afc15a0098be32301557c53cf580b9b4f2d,NA,NA,NA,NA,NA,NA
monthly_observed_uptake,A,202309,1598,208.0,125.0,aim1_monthly_national.parquet,6d2f4fff42fcae7a60358b26ad343afc15a0098be32301557c53cf580b9b4f2d,NA,NA,NA,NA,NA,NA
monthly_observed_uptake,A,202310,1615,216.0,129.0,aim1_monthly_national.parquet,6d2f4fff42fcae7a60358b26ad343afc15a0098be32301557c53cf580b9b4f2d,NA,NA,NA,NA,NA,NA
monthly_observed_uptake,A,202311,1616,208.0,125.0,aim1_monthly_national.parquet,6d2f4fff42fcae7a60358b26ad343afc15a0098be32301557c53cf580b9b4f2d,NA,NA,NA,NA,NA,NA
monthly_observed_uptake,A,202312,1594,220.0,130.0,aim1_monthly_national.parquet,6d2f4fff42fcae7a60358b26ad343afc15a0098be32301557c53cf580b9b4f2d,NA,NA,NA,NA,NA,NA
monthly_observed_uptake,A,202401,1835,217.0,130.0,aim1_monthly_national.parquet,6d2f4fff42fcae7a60358b26ad343afc15a0098be32301557c53cf580b9b4f2d,NA,NA,NA,NA,NA,NA
monthly_observed_uptake,A,202402,1833,231.0,136.0,aim1_monthly_national.parquet,6d2f4fff42fcae7a60358b26ad343afc15a0098be32301557c53cf580b9b4f2d,NA,NA,NA,NA,NA,NA
monthly_observed_uptake,A,202403,1848,241.0,138.0,aim1_monthly_national.parquet,6d2f4fff42fcae7a60358b26ad343afc15a0098be32301557c53cf580b9b4f2d,NA,NA,NA,NA,NA,NA
monthly_observed_uptake,A,202404,1812,232.0,140.0,aim1_monthly_national.parquet,6d2f4fff42fcae7a60358b26ad343afc15a0098be32301557c53cf580b9b4f2d,NA,NA,NA,NA,NA,NA
monthly_observed_uptake,A,202405,1977,235.0,135.0,aim1_monthly_national.parquet,6d2f4fff42fcae7a60358b26ad343afc15a0098be32301557c53cf580b9b4f2d,NA,NA,NA,NA,NA,NA
monthly_observed_uptake,A,202406,1978,241.0,140.0,aim1_monthly_national.parquet,6d2f4fff42fcae7a60358b26ad343afc15a0098be32301557c53cf580b9b4f2d,NA,NA,NA,NA,NA,NA
monthly_observed_uptake,A,202407,2024,253.0,150.0,aim1_monthly_national.parquet,6d2f4fff42fcae7a60358b26ad343afc15a0098be32301557c53cf580b9b4f2d,NA,NA,NA,NA,NA,NA
monthly_observed_uptake,A,202408,2134,260.0,156.0,aim1_monthly_national.parquet,6d2f4fff42fcae7a60358b26ad343afc15a0098be32301557c53cf580b9b4f2d,NA,NA,NA,NA,NA,NA
monthly_observed_uptake,A,202409,2170,256.0,152.0,aim1_monthly_national.parquet,6d2f4fff42fcae7a60358b26ad343afc15a0098be32301557c53cf580b9b4f2d,NA,NA,NA,NA,NA,NA
monthly_observed_uptake,A,202410,2153,268.0,153.0,aim1_monthly_national.parquet,6d2f4fff42fcae7a60358b26ad343afc15a0098be32301557c53cf580b9b4f2d,NA,NA,NA,NA,NA,NA
monthly_observed_uptake,A,202411,1951,260.0,156.0,aim1_monthly_national.parquet,6d2f4fff42fcae7a60358b26ad343afc15a0098be32301557c53cf580b9b4f2d,NA,NA,NA,NA,NA,NA
monthly_observed_uptake,A,202412,2121,264.0,157.0,aim1_monthly_national.parquet,6d2f4fff42fcae7a60358b26ad343afc15a0098be32301557c53cf580b9b4f2d,NA,NA,NA,NA,NA,NA
monthly_observed_uptake,A,202501,2095,258.0,150.0,aim1_monthly_national.parquet,6d2f4fff42fcae7a60358b26ad343afc15a0098be32301557c53cf580b9b4f2d,NA,NA,NA,NA,NA,NA
monthly_observed_uptake,A,202502,2206,264.0,155.0,aim1_monthly_national.parquet,6d2f4fff42fcae7a60358b26ad343afc15a0098be32301557c53cf580b9b4f2d,NA,NA,NA,NA,NA,NA
monthly_observed_uptake,A,202503,2149,268.0,152.0,aim1_monthly_national.parquet,6d2f4fff42fcae7a60358b26ad343afc15a0098be32301557c53cf580b9b4f2d,NA,NA,NA,NA,NA,NA
monthly_observed_uptake,A,202504,2298,268.0,163.0,aim1_monthly_national.parquet,6d2f4fff42fcae7a60358b26ad343afc15a0098be32301557c53cf580b9b4f2d,NA,NA,NA,NA,NA,NA
monthly_observed_uptake,A,202505,2514,282.0,164.0,aim1_monthly_national.parquet,6d2f4fff42fcae7a60358b26ad343afc15a0098be32301557c53cf580b9b4f2d,NA,NA,NA,NA,NA,NA
monthly_observed_uptake,A,202506,2346,272.0,163.0,aim1_monthly_national.parquet,6d2f4fff42fcae7a60358b26ad343afc15a0098be32301557c53cf580b9b4f2d,NA,NA,NA,NA,NA,NA
monthly_observed_uptake,A,202507,2589,282.0,167.0,aim1_monthly_national.parquet,6d2f4fff42fcae7a60358b26ad343afc15a0098be32301557c53cf580b9b4f2d,NA,NA,NA,NA,NA,NA
monthly_observed_uptake,A,202508,2662,284.0,166.0,aim1_monthly_national.parquet,6d2f4fff42fcae7a60358b26ad343afc15a0098be32301557c53cf580b9b4f2d,NA,NA,NA,NA,NA,NA
monthly_observed_uptake,A,202509,2647,278.0,164.0,aim1_monthly_national.parquet,6d2f4fff42fcae7a60358b26ad343afc15a0098be32301557c53cf580b9b4f2d,NA,NA,NA,NA,NA,NA
monthly_observed_uptake,A,202510,2719,289.0,166.0,aim1_monthly_national.parquet,6d2f4fff42fcae7a60358b26ad343afc15a0098be32301557c53cf580b9b4f2d,NA,NA,NA,NA,NA,NA
monthly_observed_uptake,A,202511,2507,284.0,167.0,aim1_monthly_national.parquet,6d2f4fff42fcae7a60358b26ad343afc15a0098be32301557c53cf580b9b4f2d,NA,NA,NA,NA,NA,NA
monthly_observed_uptake,A,202512,2538,284.0,168.0,aim1_monthly_national.parquet,6d2f4fff42fcae7a60358b26ad343afc15a0098be32301557c53cf580b9b4f2d,NA,NA,NA,NA,NA,NA
monthly_observed_uptake,B,202101,28,15.0,15.0,aim1_monthly_national.parquet,6d2f4fff42fcae7a60358b26ad343afc15a0098be32301557c53cf580b9b4f2d,NA,NA,NA,NA,NA,NA
monthly_observed_uptake,B,202102,78,30.0,25.0,aim1_monthly_national.parquet,6d2f4fff42fcae7a60358b26ad343afc15a0098be32301557c53cf580b9b4f2d,NA,NA,NA,NA,NA,NA
monthly_observed_uptake,B,202103,134,45.0,36.0,aim1_monthly_national.parquet,6d2f4fff42fcae7a60358b26ad343afc15a0098be32301557c53cf580b9b4f2d,NA,NA,NA,NA,NA,NA
monthly_observed_uptake,B,202104,133,53.0,41.0,aim1_monthly_national.parquet,6d2f4fff42fcae7a60358b26ad343afc15a0098be32301557c53cf580b9b4f2d,NA,NA,NA,NA,NA,NA
monthly_observed_uptake,B,202105,144,48.0,39.0,aim1_monthly_national.parquet,6d2f4fff42fcae7a60358b26ad343afc15a0098be32301557c53cf580b9b4f2d,NA,NA,NA,NA,NA,NA
monthly_observed_uptake,B,202106,174,55.0,42.0,aim1_monthly_national.parquet,6d2f4fff42fcae7a60358b26ad343afc15a0098be32301557c53cf580b9b4f2d,NA,NA,NA,NA,NA,NA
monthly_observed_uptake,B,202107,216,56.0,43.0,aim1_monthly_national.parquet,6d2f4fff42fcae7a60358b26ad343afc15a0098be32301557c53cf580b9b4f2d,NA,NA,NA,NA,NA,NA
monthly_observed_uptake,B,202108,238,71.0,53.0,aim1_monthly_national.parquet,6d2f4fff42fcae7a60358b26ad343afc15a0098be32301557c53cf580b9b4f2d,NA,NA,NA,NA,NA,NA
monthly_observed_uptake,B,202109,341,69.0,54.0,aim1_monthly_national.parquet,6d2f4fff42fcae7a60358b26ad343afc15a0098be32301557c53cf580b9b4f2d,NA,NA,NA,NA,NA,NA
monthly_observed_uptake,B,202110,349,78.0,55.0,aim1_monthly_national.parquet,6d2f4fff42fcae7a60358b26ad343afc15a0098be32301557c53cf580b9b4f2d,NA,NA,NA,NA,NA,NA
monthly_observed_uptake,B,202111,350,76.0,57.0,aim1_monthly_national.parquet,6d2f4fff42fcae7a60358b26ad343afc15a0098be32301557c53cf580b9b4f2d,NA,NA,NA,NA,NA,NA
monthly_observed_uptake,B,202112,350,88.0,58.0,aim1_monthly_national.parquet,6d2f4fff42fcae7a60358b26ad343afc15a0098be32301557c53cf580b9b4f2d,NA,NA,NA,NA,NA,NA
monthly_observed_uptake,B,202201,357,79.0,58.0,aim1_monthly_national.parquet,6d2f4fff42fcae7a60358b26ad343afc15a0098be32301557c53cf580b9b4f2d,NA,NA,NA,NA,NA,NA
monthly_observed_uptake,B,202202,344,80.0,59.0,aim1_monthly_national.parquet,6d2f4fff42fcae7a60358b26ad343afc15a0098be32301557c53cf580b9b4f2d,NA,NA,NA,NA,NA,NA
monthly_observed_uptake,B,202203,382,87.0,63.0,aim1_monthly_national.parquet,6d2f4fff42fcae7a60358b26ad343afc15a0098be32301557c53cf580b9b4f2d,NA,NA,NA,NA,NA,NA
monthly_observed_uptake,B,202204,413,89.0,65.0,aim1_monthly_national.parquet,6d2f4fff42fcae7a60358b26ad343afc15a0098be32301557c53cf580b9b4f2d,NA,NA,NA,NA,NA,NA
monthly_observed_uptake,B,202205,420,92.0,61.0,aim1_monthly_national.parquet,6d2f4fff42fcae7a60358b26ad343afc15a0098be32301557c53cf580b9b4f2d,NA,NA,NA,NA,NA,NA
monthly_observed_uptake,B,202206,462,98.0,67.0,aim1_monthly_national.parquet,6d2f4fff42fcae7a60358b26ad343afc15a0098be32301557c53cf580b9b4f2d,NA,NA,NA,NA,NA,NA
monthly_observed_uptake,B,202207,468,112.0,78.0,aim1_monthly_national.parquet,6d2f4fff42fcae7a60358b26ad343afc15a0098be32301557c53cf580b9b4f2d,NA,NA,NA,NA,NA,NA
monthly_observed_uptake,B,202208,500,99.0,72.0,aim1_monthly_national.parquet,6d2f4fff42fcae7a60358b26ad343afc15a0098be32301557c53cf580b9b4f2d,NA,NA,NA,NA,NA,NA
monthly_observed_uptake,B,202209,536,104.0,70.0,aim1_monthly_national.parquet,6d2f4fff42fcae7a60358b26ad343afc15a0098be32301557c53cf580b9b4f2d,NA,NA,NA,NA,NA,NA
monthly_observed_uptake,B,202210,466,111.0,76.0,aim1_monthly_national.parquet,6d2f4fff42fcae7a60358b26ad343afc15a0098be32301557c53cf580b9b4f2d,NA,NA,NA,NA,NA,NA
monthly_observed_uptake,B,202211,540,109.0,77.0,aim1_monthly_national.parquet,6d2f4fff42fcae7a60358b26ad343afc15a0098be32301557c53cf580b9b4f2d,NA,NA,NA,NA,NA,NA
monthly_observed_uptake,B,202212,468,113.0,71.0,aim1_monthly_national.parquet,6d2f4fff42fcae7a60358b26ad343afc15a0098be32301557c53cf580b9b4f2d,NA,NA,NA,NA,NA,NA
monthly_observed_uptake,B,202301,502,114.0,76.0,aim1_monthly_national.parquet,6d2f4fff42fcae7a60358b26ad343afc15a0098be32301557c53cf580b9b4f2d,NA,NA,NA,NA,NA,NA
monthly_observed_uptake,B,202302,585,115.0,73.0,aim1_monthly_national.parquet,6d2f4fff42fcae7a60358b26ad343afc15a0098be32301557c53cf580b9b4f2d,NA,NA,NA,NA,NA,NA
monthly_observed_uptake,B,202303,693,132.0,83.0,aim1_monthly_national.parquet,6d2f4fff42fcae7a60358b26ad343afc15a0098be32301557c53cf580b9b4f2d,NA,NA,NA,NA,NA,NA
monthly_observed_uptake,B,202304,608,124.0,82.0,aim1_monthly_national.parquet,6d2f4fff42fcae7a60358b26ad343afc15a0098be32301557c53cf580b9b4f2d,NA,NA,NA,NA,NA,NA
monthly_observed_uptake,B,202305,640,131.0,87.0,aim1_monthly_national.parquet,6d2f4fff42fcae7a60358b26ad343afc15a0098be32301557c53cf580b9b4f2d,NA,NA,NA,NA,NA,NA
monthly_observed_uptake,B,202306,624,140.0,94.0,aim1_monthly_national.parquet,6d2f4fff42fcae7a60358b26ad343afc15a0098be32301557c53cf580b9b4f2d,NA,NA,NA,NA,NA,NA
monthly_observed_uptake,B,202307,564,138.0,91.0,aim1_monthly_national.parquet,6d2f4fff42fcae7a60358b26ad343afc15a0098be32301557c53cf580b9b4f2d,NA,NA,NA,NA,NA,NA
monthly_observed_uptake,B,202308,600,137.0,93.0,aim1_monthly_national.parquet,6d2f4fff42fcae7a60358b26ad343afc15a0098be32301557c53cf580b9b4f2d,NA,NA,NA,NA,NA,NA
monthly_observed_uptake,B,202309,584,137.0,93.0,aim1_monthly_national.parquet,6d2f4fff42fcae7a60358b26ad343afc15a0098be32301557c53cf580b9b4f2d,NA,NA,NA,NA,NA,NA
monthly_observed_uptake,B,202310,633,148.0,98.0,aim1_monthly_national.parquet,6d2f4fff42fcae7a60358b26ad343afc15a0098be32301557c53cf580b9b4f2d,NA,NA,NA,NA,NA,NA
monthly_observed_uptake,B,202311,607,141.0,97.0,aim1_monthly_national.parquet,6d2f4fff42fcae7a60358b26ad343afc15a0098be32301557c53cf580b9b4f2d,NA,NA,NA,NA,NA,NA
monthly_observed_uptake,B,202312,620,137.0,95.0,aim1_monthly_national.parquet,6d2f4fff42fcae7a60358b26ad343afc15a0098be32301557c53cf580b9b4f2d,NA,NA,NA,NA,NA,NA
monthly_observed_uptake,B,202401,715,151.0,99.0,aim1_monthly_national.parquet,6d2f4fff42fcae7a60358b26ad343afc15a0098be32301557c53cf580b9b4f2d,NA,NA,NA,NA,NA,NA
monthly_observed_uptake,B,202402,692,162.0,105.0,aim1_monthly_national.parquet,6d2f4fff42fcae7a60358b26ad343afc15a0098be32301557c53cf580b9b4f2d,NA,NA,NA,NA,NA,NA
monthly_observed_uptake,B,202403,630,153.0,103.0,aim1_monthly_national.parquet,6d2f4fff42fcae7a60358b26ad343afc15a0098be32301557c53cf580b9b4f2d,NA,NA,NA,NA,NA,NA
monthly_observed_uptake,B,202404,613,151.0,106.0,aim1_monthly_national.parquet,6d2f4fff42fcae7a60358b26ad343afc15a0098be32301557c53cf580b9b4f2d,NA,NA,NA,NA,NA,NA
monthly_observed_uptake,B,202405,710,159.0,109.0,aim1_monthly_national.parquet,6d2f4fff42fcae7a60358b26ad343afc15a0098be32301557c53cf580b9b4f2d,NA,NA,NA,NA,NA,NA
monthly_observed_uptake,B,202406,774,161.0,108.0,aim1_monthly_national.parquet,6d2f4fff42fcae7a60358b26ad343afc15a0098be32301557c53cf580b9b4f2d,NA,NA,NA,NA,NA,NA
monthly_observed_uptake,B,202407,709,165.0,111.0,aim1_monthly_national.parquet,6d2f4fff42fcae7a60358b26ad343afc15a0098be32301557c53cf580b9b4f2d,NA,NA,NA,NA,NA,NA
monthly_observed_uptake,B,202408,716,175.0,120.0,aim1_monthly_national.parquet,6d2f4fff42fcae7a60358b26ad343afc15a0098be32301557c53cf580b9b4f2d,NA,NA,NA,NA,NA,NA
monthly_observed_uptake,B,202409,774,175.0,120.0,aim1_monthly_national.parquet,6d2f4fff42fcae7a60358b26ad343afc15a0098be32301557c53cf580b9b4f2d,NA,NA,NA,NA,NA,NA
monthly_observed_uptake,B,202410,692,169.0,115.0,aim1_monthly_national.parquet,6d2f4fff42fcae7a60358b26ad343afc15a0098be32301557c53cf580b9b4f2d,NA,NA,NA,NA,NA,NA
monthly_observed_uptake,B,202411,667,173.0,122.0,aim1_monthly_national.parquet,6d2f4fff42fcae7a60358b26ad343afc15a0098be32301557c53cf580b9b4f2d,NA,NA,NA,NA,NA,NA
monthly_observed_uptake,B,202412,737,172.0,117.0,aim1_monthly_national.parquet,6d2f4fff42fcae7a60358b26ad343afc15a0098be32301557c53cf580b9b4f2d,NA,NA,NA,NA,NA,NA
monthly_observed_uptake,B,202501,703,175.0,118.0,aim1_monthly_national.parquet,6d2f4fff42fcae7a60358b26ad343afc15a0098be32301557c53cf580b9b4f2d,NA,NA,NA,NA,NA,NA
monthly_observed_uptake,B,202502,705,169.0,114.0,aim1_monthly_national.parquet,6d2f4fff42fcae7a60358b26ad343afc15a0098be32301557c53cf580b9b4f2d,NA,NA,NA,NA,NA,NA
monthly_observed_uptake,B,202503,728,189.0,123.0,aim1_monthly_national.parquet,6d2f4fff42fcae7a60358b26ad343afc15a0098be32301557c53cf580b9b4f2d,NA,NA,NA,NA,NA,NA
monthly_observed_uptake,B,202504,862,185.0,124.0,aim1_monthly_national.parquet,6d2f4fff42fcae7a60358b26ad343afc15a0098be32301557c53cf580b9b4f2d,NA,NA,NA,NA,NA,NA
monthly_observed_uptake,B,202505,764,200.0,134.0,aim1_monthly_national.parquet,6d2f4fff42fcae7a60358b26ad343afc15a0098be32301557c53cf580b9b4f2d,NA,NA,NA,NA,NA,NA
monthly_observed_uptake,B,202506,806,192.0,125.0,aim1_monthly_national.parquet,6d2f4fff42fcae7a60358b26ad343afc15a0098be32301557c53cf580b9b4f2d,NA,NA,NA,NA,NA,NA
monthly_observed_uptake,B,202507,883,196.0,131.0,aim1_monthly_national.parquet,6d2f4fff42fcae7a60358b26ad343afc15a0098be32301557c53cf580b9b4f2d,NA,NA,NA,NA,NA,NA
monthly_observed_uptake,B,202508,875,197.0,133.0,aim1_monthly_national.parquet,6d2f4fff42fcae7a60358b26ad343afc15a0098be32301557c53cf580b9b4f2d,NA,NA,NA,NA,NA,NA
monthly_observed_uptake,B,202509,943,198.0,133.0,aim1_monthly_national.parquet,6d2f4fff42fcae7a60358b26ad343afc15a0098be32301557c53cf580b9b4f2d,NA,NA,NA,NA,NA,NA
monthly_observed_uptake,B,202510,892,194.0,130.0,aim1_monthly_national.parquet,6d2f4fff42fcae7a60358b26ad343afc15a0098be32301557c53cf580b9b4f2d,NA,NA,NA,NA,NA,NA
monthly_observed_uptake,B,202511,856,190.0,132.0,aim1_monthly_national.parquet,6d2f4fff42fcae7a60358b26ad343afc15a0098be32301557c53cf580b9b4f2d,NA,NA,NA,NA,NA,NA
monthly_observed_uptake,B,202512,900,192.0,127.0,aim1_monthly_national.parquet,6d2f4fff42fcae7a60358b26ad343afc15a0098be32301557c53cf580b9b4f2d,NA,NA,NA,NA,NA,NA
annual_rate_metadata,A,NA,6984,NA,NA,aim1_annual_rates.parquet,ae41851963ed76e3604914fb9443fef294ff987ac53a1c94d048c76c8580b50a,2021.0,157421555.0,210103642.0,210103642.0,3.3240737445189077,official total population
annual_rate_metadata,A,NA,12906,NA,NA,aim1_annual_rates.parquet,ae41851963ed76e3604914fb9443fef294ff987ac53a1c94d048c76c8580b50a,2022.0,158744904.0,210862983.0,210862983.0,6.120562185160779,official total population
annual_rate_metadata,A,NA,18179,NA,NA,aim1_annual_rates.parquet,ae41851963ed76e3604914fb9443fef294ff987ac53a1c94d048c76c8580b50a,2023.0,160178633.0,211695158.0,211695158.0,8.587348039391625,official total population
annual_rate_metadata,A,NA,23836,NA,NA,aim1_annual_rates.parquet,ae41851963ed76e3604914fb9443fef294ff987ac53a1c94d048c76c8580b50a,2024.0,161673118.0,212583750.0,212583750.0,11.212522123633628,official total population
annual_rate_metadata,A,NA,29270,NA,NA,aim1_annual_rates.parquet,ae41851963ed76e3604914fb9443fef294ff987ac53a1c94d048c76c8580b50a,2025.0,163082693.0,213421037.0,213421037.0,13.714674247412638,official total population
annual_rate_metadata,B,NA,2535,NA,NA,aim1_annual_rates.parquet,ae41851963ed76e3604914fb9443fef294ff987ac53a1c94d048c76c8580b50a,2021.0,157421555.0,210103642.0,157421555.0,1.610325854042034,official adult population aged >=18
annual_rate_metadata,B,NA,5356,NA,NA,aim1_annual_rates.parquet,ae41851963ed76e3604914fb9443fef294ff987ac53a1c94d048c76c8580b50a,2022.0,158744904.0,210862983.0,158744904.0,3.37396657470025,official adult population aged >=18
annual_rate_metadata,B,NA,7260,NA,NA,aim1_annual_rates.parquet,ae41851963ed76e3604914fb9443fef294ff987ac53a1c94d048c76c8580b50a,2023.0,160178633.0,211695158.0,160178633.0,4.532439729336434,official adult population aged >=18
annual_rate_metadata,B,NA,8429,NA,NA,aim1_annual_rates.parquet,ae41851963ed76e3604914fb9443fef294ff987ac53a1c94d048c76c8580b50a,2024.0,161673118.0,212583750.0,161673118.0,5.213606383220741,official adult population aged >=18
annual_rate_metadata,B,NA,9917,NA,NA,aim1_annual_rates.parquet,ae41851963ed76e3604914fb9443fef294ff987ac53a1c94d048c76c8580b50a,2025.0,163082693.0,213421037.0,163082693.0,6.080964091020989,official adult population aged >=18
