period,uf,filename,source_url,accessed_at,last_modified,etag,remote_size_bytes,local_relative_path,local_size_bytes,sha256,status,error_class
202112,AC,pda-024-icb-AC-2021_12.zip,https://dadosabertos.ans.gov.br/FTP/PDA/informacoes_consolidadas_de_beneficiarios-024/202112/pda-024-icb-AC-2021_12.zip,2026-08-23T09:03:21.592118+00:00,,,,202112/pda-024-icb-AC-2021_12.zip,376941,12e19a0b4dcf1a5429a5d73cc392c7a820ea7b42ab5bae607c84478582bfcaac,complete,
202112,AL,pda-024-icb-AL-2021_12.zip,https://dadosabertos.ans.gov.br/FTP/PDA/informacoes_consolidadas_de_beneficiarios-024/202112/pda-024-icb-AL-2021_12.zip,2026-08-23T09:03:27.037480+00:00,"Wed, 05 Aug 2026 12:12:10 GMT","""2db0f7-6584bae4f6353""",2994423,202112/pda-024-icb-AL-2021_12.zip,2994423,7ac7054ac5141c9d4fe78f5a741131adb85682e0a8af1dbd2b88f5c77e96f868,complete,
202112,AM,pda-024-icb-AM-2021_12.zip,https://dadosabertos.ans.gov.br/FTP/PDA/informacoes_consolidadas_de_beneficiarios-024/202112/pda-024-icb-AM-2021_12.zip,2026-08-23T09:03:37.320119+00:00,"Wed, 05 Aug 2026 12:12:10 GMT","""15d316-6584bae55c429""",1430294,202112/pda-024-icb-AM-2021_12.zip,1430294,00aa928a118c0d2b7c5f9f5690eb03226e11961be167d2c26dc443126872792c,complete,
202112,AP,pda-024-icb-AP-2021_12.zip,https://dadosabertos.ans.gov.br/FTP/PDA/informacoes_consolidadas_de_beneficiarios-024/202112/pda-024-icb-AP-2021_12.zip,2026-08-23T09:03:42.202142+00:00,"Wed, 05 Aug 2026 12:12:11 GMT","""6fb2a-6584bae58546c""",457514,202112/pda-024-icb-AP-2021_12.zip,457514,3de77d692cfaaef9f5f3d54b9c4d9310cd7499cedf939ecbe4325682af3cf909,complete,
202112,BA,pda-024-icb-BA-2021_12.zip,https://dadosabertos.ans.gov.br/FTP/PDA/informacoes_consolidadas_de_beneficiarios-024/202112/pda-024-icb-BA-2021_12.zip,2026-08-23T09:03:55.268520+00:00,"Wed, 05 Aug 2026 12:12:19 GMT","""e28d17-6584baedbd4fd""",14847255,202112/pda-024-icb-BA-2021_12.zip,14847255,8d932808598612f7c859a11727867635ba297b2d715b8bdacaa78bf3ce994848,complete,
202112,CE,pda-024-icb-CE-2021_12.zip,https://dadosabertos.ans.gov.br/FTP/PDA/informacoes_consolidadas_de_beneficiarios-024/202112/pda-024-icb-CE-2021_12.zip,2026-08-23T10:56:13.961487+00:00,"Wed, 05 Aug 2026 12:12:28 GMT","""6d028a-6584baf646e43""",7144074,202112/pda-024-icb-CE-2021_12.zip,7144074,2f31400b55aaa7307fa14c4aa2c18e979535d2cf0fb84b481fda60ca1edd8b00,complete,
202112,DF,pda-024-icb-DF-2021_12.zip,https://dadosabertos.ans.gov.br/FTP/PDA/informacoes_consolidadas_de_beneficiarios-024/202112/pda-024-icb-DF-2021_12.zip,2026-08-23T10:56:24.907148+00:00,"Wed, 05 Aug 2026 12:12:20 GMT","""26515a-6584baee5e727""",2511194,202112/pda-024-icb-DF-2021_12.zip,2511194,afcb37d271b95b68c100658aa74c9a23de147e09be5137871181b654018006f3,complete,
202112,ES,pda-024-icb-ES-2021_12.zip,https://dadosabertos.ans.gov.br/FTP/PDA/informacoes_consolidadas_de_beneficiarios-024/202112/pda-024-icb-ES-2021_12.zip,2026-08-23T10:56:33.708936+00:00,"Wed, 05 Aug 2026 12:12:13 GMT","""84be07-6584bae7a6b1d""",8699399,202112/pda-024-icb-ES-2021_12.zip,8699399,faaac3189b87c9b417279900847633dd87a31db07bcfa256c9deb653cbd7413d,complete,
202112,GO,pda-024-icb-GO-2021_12.zip,https://dadosabertos.ans.gov.br/FTP/PDA/informacoes_consolidadas_de_beneficiarios-024/202112/pda-024-icb-GO-2021_12.zip,2026-08-24T11:15:51.325871+00:00,"Wed, 05 Aug 2026 12:12:16 GMT","""acfa85-6584baea4e25f""",11336325,202112/pda-024-icb-GO-2021_12.zip,11336325,3961f455476b91946afb25050efebc032d84545ee4271d8f7e0409685a3a0c2b,complete,
202112,MA,pda-024-icb-MA-2021_12.zip,https://dadosabertos.ans.gov.br/FTP/PDA/informacoes_consolidadas_de_beneficiarios-024/202112/pda-024-icb-MA-2021_12.zip,2026-08-24T11:16:17.712009+00:00,"Wed, 05 Aug 2026 12:12:21 GMT","""3c48f6-6584baef58f06""",3950838,202112/pda-024-icb-MA-2021_12.zip,3950838,ca99e772085a95121b5351634ac27eadf563303c2b643f40dcae2629ccc1f3a5,complete,
202112,MG,pda-024-icb-MG-2021_12.zip,https://dadosabertos.ans.gov.br/FTP/PDA/informacoes_consolidadas_de_beneficiarios-024/202112/pda-024-icb-MG-2021_12.zip,2026-08-24T11:17:10.550912+00:00,"Wed, 05 Aug 2026 12:11:07 GMT","""2cd6982-6584baa8985cd""",47016322,202112/pda-024-icb-MG-2021_12.zip,47016322,8b5b5e4ab84309a55e489f3ee7c5576967b208c313dfe35f2df1a2f6bd3ab12e,complete,
202112,MS,pda-024-icb-MS-2021_12.zip,https://dadosabertos.ans.gov.br/FTP/PDA/informacoes_consolidadas_de_beneficiarios-024/202112/pda-024-icb-MS-2021_12.zip,2026-08-24T11:18:02.260697+00:00,"Wed, 05 Aug 2026 12:12:22 GMT","""3d5c42-6584baf06928f""",4021314,202112/pda-024-icb-MS-2021_12.zip,4021314,2fc33ac685c823166d3a492805139dd62e990cce9acc66510e4d6d94311fed31,complete,
202112,MT,pda-024-icb-MT-2021_12.zip,https://dadosabertos.ans.gov.br/FTP/PDA/informacoes_consolidadas_de_beneficiarios-024/202112/pda-024-icb-MT-2021_12.zip,2026-08-24T11:18:36.793764+00:00,"Wed, 05 Aug 2026 12:11:09 GMT","""515f4d-6584baaa53f91""",5332813,202112/pda-024-icb-MT-2021_12.zip,5332813,0703e2aa54135a97473ebf969b38e39f5a8ec0f6f2d6738239807ca15c7f5b49,complete,
202112,PA,pda-024-icb-PA-2021_12.zip,https://dadosabertos.ans.gov.br/FTP/PDA/informacoes_consolidadas_de_beneficiarios-024/202112/pda-024-icb-PA-2021_12.zip,2026-08-24T11:18:52.621446+00:00,"Wed, 05 Aug 2026 12:11:10 GMT","""4db60b-6584baabbadd7""",5092875,202112/pda-024-icb-PA-2021_12.zip,5092875,1c03ae8c5f7dce023a8e173ac6bf3b0d09abfd031411b629ba63035449ba52ce,complete,
202112,PB,pda-024-icb-PB-2021_12.zip,https://dadosabertos.ans.gov.br/FTP/PDA/informacoes_consolidadas_de_beneficiarios-024/202112/pda-024-icb-PB-2021_12.zip,2026-08-24T11:19:17.791795+00:00,"Wed, 05 Aug 2026 12:12:23 GMT","""3aa7b3-6584baf161746""",3844019,202112/pda-024-icb-PB-2021_12.zip,3844019,5f7e1ae82ffbcda73c284337af0d7ab016ae94dad22540241b5cea286826fce3,complete,
202112,PE,pda-024-icb-PE-2021_12.zip,https://dadosabertos.ans.gov.br/FTP/PDA/informacoes_consolidadas_de_beneficiarios-024/202112/pda-024-icb-PE-2021_12.zip,2026-08-24T11:19:56.782736+00:00,"Wed, 05 Aug 2026 12:11:13 GMT","""9f3ebb-6584baae21dd4""",10436283,202112/pda-024-icb-PE-2021_12.zip,10436283,d710dd7bc645d4d1aecbaf8828c513795e56b5507e13ac5a024a816d73bae0f6,complete,
202112,PI,pda-024-icb-PI-2021_12.zip,https://dadosabertos.ans.gov.br/FTP/PDA/informacoes_consolidadas_de_beneficiarios-024/202112/pda-024-icb-PI-2021_12.zip,2026-08-24T11:20:19.716121+00:00,"Wed, 05 Aug 2026 12:12:24 GMT","""22089f-6584baf1f6238""",2230431,202112/pda-024-icb-PI-2021_12.zip,2230431,6a14c06fa887d50b25269c48c7266da157dee7b2022b02371a210a1eaafd84f4,complete,
202112,PR,pda-024-icb-PR-2021_12.zip,https://dadosabertos.ans.gov.br/FTP/PDA/informacoes_consolidadas_de_beneficiarios-024/202112/pda-024-icb-PR-2021_12.zip,2026-08-24T11:20:54.581794+00:00,"Wed, 05 Aug 2026 12:11:18 GMT","""175baa7-6584bab3c28f5""",24492711,202112/pda-024-icb-PR-2021_12.zip,24492711,c5140b8fad1992055c4af073401217a5b6c4a8cd2d6e15be3696b05ba32bc6c6,complete,
202112,RJ,pda-024-icb-RJ-2021_12.zip,https://dadosabertos.ans.gov.br/FTP/PDA/informacoes_consolidadas_de_beneficiarios-024/202112/pda-024-icb-RJ-2021_12.zip,2026-08-24T11:22:06.042727+00:00,"Wed, 05 Aug 2026 12:11:28 GMT","""1b1ebe5-6584babc71015""",28437477,202112/pda-024-icb-RJ-2021_12.zip,28437477,5bb85b9430099b015a94f3f4495f88de8ab8a506085e4e1bdf97316a33c5f0ec,complete,
202112,RN,pda-024-icb-RN-2021_12.zip,https://dadosabertos.ans.gov.br/FTP/PDA/informacoes_consolidadas_de_beneficiarios-024/202112/pda-024-icb-RN-2021_12.zip,2026-08-24T11:22:56.554966+00:00,"Wed, 05 Aug 2026 12:12:25 GMT","""461023-6584baf30a059""",4591651,202112/pda-024-icb-RN-2021_12.zip,4591651,025c4c58e5c57b6833f344206905ebd3f0ec6f79765fae32dc3e8862aec63f93,complete,
202112,RO,pda-024-icb-RO-2021_12.zip,https://dadosabertos.ans.gov.br/FTP/PDA/informacoes_consolidadas_de_beneficiarios-024/202112/pda-024-icb-RO-2021_12.zip,2026-08-24T11:23:16.632169+00:00,"Wed, 05 Aug 2026 12:11:29 GMT","""18dd1d-6584babd84a4e""",1629469,202112/pda-024-icb-RO-2021_12.zip,1629469,78581296a007195d88b96c53845d6195f581babc1b2ea635f62b3ffcabb5b6c0,complete,
202112,RR,pda-024-icb-RR-2021_12.zip,https://dadosabertos.ans.gov.br/FTP/PDA/informacoes_consolidadas_de_beneficiarios-024/202112/pda-024-icb-RR-2021_12.zip,2026-08-24T11:23:23.477910+00:00,"Wed, 05 Aug 2026 12:12:25 GMT","""33e0f-6584baf33a1e3""",212495,202112/pda-024-icb-RR-2021_12.zip,212495,668ace337ceec8a13dc1334f47a6573fcd0c0f06443fc5f335a532e0b564d690,complete,
202112,RS,pda-024-icb-RS-2021_12.zip,https://dadosabertos.ans.gov.br/FTP/PDA/informacoes_consolidadas_de_beneficiarios-024/202112/pda-024-icb-RS-2021_12.zip,2026-08-24T11:24:03.091729+00:00,"Wed, 05 Aug 2026 12:11:35 GMT","""149781b-6584bac375a9c""",21592091,202112/pda-024-icb-RS-2021_12.zip,21592091,66b5c0543de061f027a55221daa38f2d1e5fc4beb835e8b6a386bf3cb998bd27,complete,
202112,SC,pda-024-icb-SC-2021_12.zip,https://dadosabertos.ans.gov.br/FTP/PDA/informacoes_consolidadas_de_beneficiarios-024/202112/pda-024-icb-SC-2021_12.zip,2026-08-24T11:25:00.960977+00:00,"Wed, 05 Aug 2026 12:11:39 GMT","""f36a64-6584bac748ed0""",15952484,202112/pda-024-icb-SC-2021_12.zip,15952484,0c54e1eb2c720baccf73a0e58e335990f38a8384d83de370d892a374f222d711,complete,
202112,SE,pda-024-icb-SE-2021_12.zip,https://dadosabertos.ans.gov.br/FTP/PDA/informacoes_consolidadas_de_beneficiarios-024/202112/pda-024-icb-SE-2021_12.zip,2026-08-24T11:25:20.174428+00:00,"Wed, 05 Aug 2026 12:12:26 GMT","""2477aa-6584baf3d370d""",2389930,202112/pda-024-icb-SE-2021_12.zip,2389930,d74c1ef6313548f1ceda165c222adcb728632996c125658a020201bae357aa8c,complete,
202112,SP,pda-024-icb-SP-2021_12.zip,https://dadosabertos.ans.gov.br/FTP/PDA/informacoes_consolidadas_de_beneficiarios-024/202112/pda-024-icb-SP-2021_12.zip,2026-08-24T11:26:03.326854+00:00,"Wed, 05 Aug 2026 12:12:09 GMT","""797d7d2-6584bae3d8121""",127391698,202112/pda-024-icb-SP-2021_12.zip,127391698,595d4f1f003ed3de1470b8224fc2ea4e85d9a45f3a0df1111e16b68f83486a7d,complete,
202112,TO,pda-024-icb-TO-2021_12.zip,https://dadosabertos.ans.gov.br/FTP/PDA/informacoes_consolidadas_de_beneficiarios-024/202112/pda-024-icb-TO-2021_12.zip,2026-08-24T11:27:57.979033+00:00,"Wed, 05 Aug 2026 12:12:26 GMT","""1ac884-6584baf49d1a9""",1755268,202112/pda-024-icb-TO-2021_12.zip,1755268,7ccb65ca80ca6ed0de3356048498bb7fec0d218a23ddd36664f32a7e8d194096,complete,
202112,XX,pda-024-icb-XX-2021_12.zip,https://dadosabertos.ans.gov.br/FTP/PDA/informacoes_consolidadas_de_beneficiarios-024/202112/pda-024-icb-XX-2021_12.zip,2026-08-24T11:28:04.248598+00:00,"Wed, 05 Aug 2026 12:12:09 GMT","""37baf-6584bae404fe4""",228271,202112/pda-024-icb-XX-2021_12.zip,228271,28fea9582770a27a62af4b26d7fb4cd2a34ca15bbd2840fd0e9f9f688c34af06,complete,
202212,AC,pda-024-icb-AC-2022_12.zip,https://dadosabertos.ans.gov.br/FTP/PDA/informacoes_consolidadas_de_beneficiarios-024/202212/pda-024-icb-AC-2022_12.zip,2026-08-24T11:28:11.449819+00:00,"Wed, 05 Aug 2026 12:30:34 GMT","""5f76a-6584bf0176c34""",391018,202212/pda-024-icb-AC-2022_12.zip,391018,5a7dd1fdf5b6784892a2ff7b6be4c8c7e3e7dc6a47de870d30ff4ef26e15f314,complete,
202212,AL,pda-024-icb-AL-2022_12.zip,https://dadosabertos.ans.gov.br/FTP/PDA/informacoes_consolidadas_de_beneficiarios-024/202212/pda-024-icb-AL-2022_12.zip,2026-08-24T11:28:18.016085+00:00,"Wed, 05 Aug 2026 12:30:34 GMT","""2f660a-6584bf023ff01""",3106314,202212/pda-024-icb-AL-2022_12.zip,3106314,89e43273d488e2472146c0717d7beb74a03dcd84be19a6e73bb87e201352699a,complete,
202212,AM,pda-024-icb-AM-2022_12.zip,https://dadosabertos.ans.gov.br/FTP/PDA/informacoes_consolidadas_de_beneficiarios-024/202212/pda-024-icb-AM-2022_12.zip,2026-08-24T11:28:26.363293+00:00,"Wed, 05 Aug 2026 12:30:35 GMT","""1783e7-6584bf02a735f""",1541095,202212/pda-024-icb-AM-2022_12.zip,1541095,7b462c09642c84d4a8e997c2519e661169e7648fc80f015ffeaa50e6e766760c,complete,
202212,AP,pda-024-icb-AP-2022_12.zip,https://dadosabertos.ans.gov.br/FTP/PDA/informacoes_consolidadas_de_beneficiarios-024/202212/pda-024-icb-AP-2022_12.zip,2026-08-24T11:28:32.790337+00:00,"Wed, 05 Aug 2026 12:30:35 GMT","""76652-6584bf02d460a""",484946,202212/pda-024-icb-AP-2022_12.zip,484946,6f9654109466a390b986ea6cf7136102eac6c9df22bfa62f6d883893bc8c3982,complete,
202212,BA,pda-024-icb-BA-2022_12.zip,https://dadosabertos.ans.gov.br/FTP/PDA/informacoes_consolidadas_de_beneficiarios-024/202212/pda-024-icb-BA-2022_12.zip,2026-08-24T11:29:04.529119+00:00,"Wed, 05 Aug 2026 12:30:44 GMT","""efbf3e-6584bf0b575d7""",15712062,202212/pda-024-icb-BA-2022_12.zip,15712062,09a607bfe284baaaf9d225d38849036739e1c4d5088cbda411e548b207206228,complete,
202212,CE,pda-024-icb-CE-2022_12.zip,https://dadosabertos.ans.gov.br/FTP/PDA/informacoes_consolidadas_de_beneficiarios-024/202212/pda-024-icb-CE-2022_12.zip,2026-08-24T11:29:42.456304+00:00,"Wed, 05 Aug 2026 12:30:53 GMT","""71cdef-6584bf14035e7""",7458287,202212/pda-024-icb-CE-2022_12.zip,7458287,afa975d6129a5a98cb00bcc8e6939bb1d0030ab1d2e5d208d96dcf7be948d507,complete,
202212,DF,pda-024-icb-DF-2022_12.zip,https://dadosabertos.ans.gov.br/FTP/PDA/informacoes_consolidadas_de_beneficiarios-024/202212/pda-024-icb-DF-2022_12.zip,2026-08-24T11:29:56.097373+00:00,"Wed, 05 Aug 2026 12:30:45 GMT","""26d488-6584bf0bfddf1""",2544776,202212/pda-024-icb-DF-2022_12.zip,2544776,ac2d60a799a01a44efda64667b3d951ab0b61727444cc08a081ef21787544ccc,complete,
202212,ES,pda-024-icb-ES-2022_12.zip,https://dadosabertos.ans.gov.br/FTP/PDA/informacoes_consolidadas_de_beneficiarios-024/202212/pda-024-icb-ES-2022_12.zip,2026-08-24T11:30:23.181252+00:00,"Wed, 05 Aug 2026 12:30:37 GMT","""86f5b6-6584bf04f4163""",8844726,202212/pda-024-icb-ES-2022_12.zip,8844726,544693507019aac5337e78657c6c69cf335a0f7198faab74fa7341b3dd04c0c6,complete,
202212,GO,pda-024-icb-GO-2022_12.zip,https://dadosabertos.ans.gov.br/FTP/PDA/informacoes_consolidadas_de_beneficiarios-024/202212/pda-024-icb-GO-2022_12.zip,2026-08-24T11:30:38.445204+00:00,"Wed, 05 Aug 2026 12:30:40 GMT","""b3d09d-6584bf07a7bf5""",11784349,202212/pda-024-icb-GO-2022_12.zip,11784349,bb194fa1d9e37bb332f4827965a1384ae4922fb7b0df6d366ad6eced6ffc1397,complete,
202212,MA,pda-024-icb-MA-2022_12.zip,https://dadosabertos.ans.gov.br/FTP/PDA/informacoes_consolidadas_de_beneficiarios-024/202212/pda-024-icb-MA-2022_12.zip,2026-08-24T11:30:51.754839+00:00,"Wed, 05 Aug 2026 12:30:46 GMT","""40b9e5-6584bf0d1664b""",4241893,202212/pda-024-icb-MA-2022_12.zip,4241893,960e739a4fa1365f926df27598c5dac66aa40e7c43e36ef029ede8e6d71964e5,complete,
202212,MG,pda-024-icb-MG-2022_12.zip,https://dadosabertos.ans.gov.br/FTP/PDA/informacoes_consolidadas_de_beneficiarios-024/202212/pda-024-icb-MG-2022_12.zip,2026-08-24T11:31:33.005109+00:00,"Wed, 05 Aug 2026 12:29:32 GMT","""3054bc2-6584bec63bf03""",50678722,202212/pda-024-icb-MG-2022_12.zip,50678722,247113ea6bdb06b0ef25f350d1fa77c0988c4266b22b4ce6ef8f19b1764ea6aa,complete,
202212,MS,pda-024-icb-MS-2022_12.zip,https://dadosabertos.ans.gov.br/FTP/PDA/informacoes_consolidadas_de_beneficiarios-024/202212/pda-024-icb-MS-2022_12.zip,2026-08-24T11:32:15.418922+00:00,"Wed, 05 Aug 2026 12:30:47 GMT","""43d31a-6584bf0e242c3""",4444954,202212/pda-024-icb-MS-2022_12.zip,4444954,7de7310d4ae7c616a5a60e12054836ddf8bb36735bbc3438cd7384bc005ffd84,complete,
202212,MT,pda-024-icb-MT-2022_12.zip,https://dadosabertos.ans.gov.br/FTP/PDA/informacoes_consolidadas_de_beneficiarios-024/202212/pda-024-icb-MT-2022_12.zip,2026-08-24T11:32:42.555917+00:00,"Wed, 05 Aug 2026 12:29:34 GMT","""54ea07-6584bec823fb9""",5564935,202212/pda-024-icb-MT-2022_12.zip,5564935,542b96ad95e1ba5d677ad2dc88eca7d82603b3bd6580f59bc6053587bf101049,complete,
202212,PA,pda-024-icb-PA-2022_12.zip,https://dadosabertos.ans.gov.br/FTP/PDA/informacoes_consolidadas_de_beneficiarios-024/202212/pda-024-icb-PA-2022_12.zip,2026-08-24T11:32:51.505405+00:00,"Wed, 05 Aug 2026 12:29:35 GMT","""519efd-6584bec974a86""",5349117,202212/pda-024-icb-PA-2022_12.zip,5349117,0991ff671ace8ca864aa0c0fd98f08ba8c36291b435e8d8e6502fcdcf6b8f218,complete,
202212,PB,pda-024-icb-PB-2022_12.zip,https://dadosabertos.ans.gov.br/FTP/PDA/informacoes_consolidadas_de_beneficiarios-024/202212/pda-024-icb-PB-2022_12.zip,2026-08-24T11:32:59.610571+00:00,"Wed, 05 Aug 2026 12:30:48 GMT","""3c88f1-6584bf0f2b5c3""",3967217,202212/pda-024-icb-PB-2022_12.zip,3967217,d0a956e6aefbe93f56c73497e046b6779fcd9b0461aabd02f6fc4c3fee086b70,complete,
202212,PE,pda-024-icb-PE-2022_12.zip,https://dadosabertos.ans.gov.br/FTP/PDA/informacoes_consolidadas_de_beneficiarios-024/202212/pda-024-icb-PE-2022_12.zip,2026-08-24T11:33:49.639285+00:00,"Wed, 05 Aug 2026 12:29:38 GMT","""a5ca62-6584becc0cbaf""",10865250,202212/pda-024-icb-PE-2022_12.zip,10865250,72a5129b02eb6b136c8754d91f4b6ce5fa18dceb9d2eec5bd7c6f534cfd7146c,complete,
202212,PI,pda-024-icb-PI-2022_12.zip,https://dadosabertos.ans.gov.br/FTP/PDA/informacoes_consolidadas_de_beneficiarios-024/202212/pda-024-icb-PI-2022_12.zip,2026-08-24T11:34:14.919342+00:00,"Wed, 05 Aug 2026 12:30:49 GMT","""240a83-6584bf0fc5e75""",2361987,202212/pda-024-icb-PI-2022_12.zip,2361987,6b41f87be465581492b73ea996af654380d8b1533f24af3997a6d9b009075fce,complete,
202212,PR,pda-024-icb-PR-2022_12.zip,https://dadosabertos.ans.gov.br/FTP/PDA/informacoes_consolidadas_de_beneficiarios-024/202212/pda-024-icb-PR-2022_12.zip,2026-08-24T11:34:51.531804+00:00,"Wed, 05 Aug 2026 12:29:44 GMT","""186620a-6584bed211865""",25584138,202212/pda-024-icb-PR-2022_12.zip,25584138,d6cf2192029896f6953b6b0d97c1369ee5f673c15f49f8550c132d31bd414277,complete,
202212,RJ,pda-024-icb-RJ-2022_12.zip,https://dadosabertos.ans.gov.br/FTP/PDA/informacoes_consolidadas_de_beneficiarios-024/202212/pda-024-icb-RJ-2022_12.zip,2026-08-24T11:35:34.983765+00:00,"Wed, 05 Aug 2026 12:29:51 GMT","""1bdffe1-6584bed91ad23""",29229025,202212/pda-024-icb-RJ-2022_12.zip,29229025,6dc8f428b04f2d277c4a19dd28bbf2cf19f4c55c8281371327fcf3b82516f08d,complete,
202212,RN,pda-024-icb-RN-2022_12.zip,https://dadosabertos.ans.gov.br/FTP/PDA/informacoes_consolidadas_de_beneficiarios-024/202212/pda-024-icb-RN-2022_12.zip,2026-08-24T11:36:10.401057+00:00,"Wed, 05 Aug 2026 12:30:50 GMT","""4890df-6584bf10ef83f""",4755679,202212/pda-024-icb-RN-2022_12.zip,4755679,0537a078b89788117b470e7cc02a489ba456867e61e7a2f8d73a899f1449467a,complete,
202212,RO,pda-024-icb-RO-2022_12.zip,https://dadosabertos.ans.gov.br/FTP/PDA/informacoes_consolidadas_de_beneficiarios-024/202212/pda-024-icb-RO-2022_12.zip,2026-08-24T11:36:32.745327+00:00,"Wed, 05 Aug 2026 12:29:52 GMT","""19ae27-6584bed9bceed""",1682983,202212/pda-024-icb-RO-2022_12.zip,1682983,6797d556e553619f9a967d0c9e0f669d19530a4cbb2a4c8f3dc16e9dc11a8477,complete,
202212,RR,pda-024-icb-RR-2022_12.zip,https://dadosabertos.ans.gov.br/FTP/PDA/informacoes_consolidadas_de_beneficiarios-024/202212/pda-024-icb-RR-2022_12.zip,2026-08-24T11:36:38.319118+00:00,"Wed, 05 Aug 2026 12:30:50 GMT","""36a32-6584bf1111739""",223794,202212/pda-024-icb-RR-2022_12.zip,223794,97dfeb08a5406c25de4eb19c46f75e8bd50fcf7e3687122eefe6d9f0e940a9e1,complete,
202212,RS,pda-024-icb-RS-2022_12.zip,https://dadosabertos.ans.gov.br/FTP/PDA/informacoes_consolidadas_de_beneficiarios-024/202212/pda-024-icb-RS-2022_12.zip,2026-08-24T11:37:17.404543+00:00,"Wed, 05 Aug 2026 12:29:58 GMT","""1573db4-6584bedf4a18c""",22494644,202212/pda-024-icb-RS-2022_12.zip,22494644,a9aca7a8e5f55e350147c8afc9f28f75a6522de419e51d677f1b7b123c27b4a0,complete,
202212,SC,pda-024-icb-SC-2022_12.zip,https://dadosabertos.ans.gov.br/FTP/PDA/informacoes_consolidadas_de_beneficiarios-024/202212/pda-024-icb-SC-2022_12.zip,2026-08-24T11:38:12.840306+00:00,"Wed, 05 Aug 2026 12:30:02 GMT","""103be01-6584bee3538f4""",17022465,202212/pda-024-icb-SC-2022_12.zip,17022465,5024cbeff2657a37e4334266962d7c56bdd6a0387f25b7704b07e5c428469888,complete,
202212,SE,pda-024-icb-SE-2022_12.zip,https://dadosabertos.ans.gov.br/FTP/PDA/informacoes_consolidadas_de_beneficiarios-024/202212/pda-024-icb-SE-2022_12.zip,2026-08-24T11:38:38.765274+00:00,"Wed, 05 Aug 2026 12:30:51 GMT","""2696a0-6584bf11b5c2b""",2528928,202212/pda-024-icb-SE-2022_12.zip,2528928,dc9692d114a8e6c0c86e9abfa2e60f8c1fa79e611024a43c170b6df50f140ea0,complete,
202212,SP,pda-024-icb-SP-2022_12.zip,https://dadosabertos.ans.gov.br/FTP/PDA/informacoes_consolidadas_de_beneficiarios-024/202212/pda-024-icb-SP-2022_12.zip,2026-08-24T11:39:42.716541+00:00,"Wed, 05 Aug 2026 12:30:33 GMT","""7d3f3e8-6584bf0132288""",131331048,202212/pda-024-icb-SP-2022_12.zip,131331048,fe1f063649a03495423facce32741558036587fdf35112c38ffd80e41de9506d,complete,
202212,TO,pda-024-icb-TO-2022_12.zip,https://dadosabertos.ans.gov.br/FTP/PDA/informacoes_consolidadas_de_beneficiarios-024/202212/pda-024-icb-TO-2022_12.zip,2026-08-24T11:41:48.319466+00:00,"Wed, 05 Aug 2026 12:30:51 GMT","""1c0cd0-6584bf12487dc""",1838288,202212/pda-024-icb-TO-2022_12.zip,1838288,9848d3537316573f6c6ceb2005912935d9098090ab2ebea660bc3292d1838064,complete,
202212,XX,pda-024-icb-XX-2022_12.zip,https://dadosabertos.ans.gov.br/FTP/PDA/informacoes_consolidadas_de_beneficiarios-024/202212/pda-024-icb-XX-2022_12.zip,2026-08-24T11:41:55.371082+00:00,"Wed, 05 Aug 2026 12:30:33 GMT","""31c41-6584bf014c86a""",203841,202212/pda-024-icb-XX-2022_12.zip,203841,372b720640a337d972db854f8c971d354a6d0b06ef96f20c7781c8e35cd493d9,complete,
202312,AC,pda-024-icb-AC-2023_12.zip,https://dadosabertos.ans.gov.br/FTP/PDA/informacoes_consolidadas_de_beneficiarios-024/202312/pda-024-icb-AC-2023_12.zip,2026-08-24T11:42:04.150758+00:00,"Wed, 05 Aug 2026 12:49:37 GMT","""608fb-6584c3444c358""",395515,202312/pda-024-icb-AC-2023_12.zip,395515,1af5351986c8494ca60307a32e0b29b2c786b9b30bc280837a30f1e6890de631,complete,
202312,AL,pda-024-icb-AL-2023_12.zip,https://dadosabertos.ans.gov.br/FTP/PDA/informacoes_consolidadas_de_beneficiarios-024/202312/pda-024-icb-AL-2023_12.zip,2026-08-24T11:42:19.147840+00:00,"Wed, 05 Aug 2026 12:49:38 GMT","""30e561-6584c345117a4""",3204449,202312/pda-024-icb-AL-2023_12.zip,3204449,6b886f8af141e43deb871fd71821e5cef93bb7027e3faecf7cdea0afc899c1e1,complete,
202312,AM,pda-024-icb-AM-2023_12.zip,https://dadosabertos.ans.gov.br/FTP/PDA/informacoes_consolidadas_de_beneficiarios-024/202312/pda-024-icb-AM-2023_12.zip,2026-08-24T11:42:28.777832+00:00,"Wed, 05 Aug 2026 12:49:39 GMT","""196cd5-6584c3457e5db""",1666261,202312/pda-024-icb-AM-2023_12.zip,1666261,2947104074e90d601ce7c9168e3f4b8a148aed9b87aac8ff3aa131888c2cd161,complete,
202312,AP,pda-024-icb-AP-2023_12.zip,https://dadosabertos.ans.gov.br/FTP/PDA/informacoes_consolidadas_de_beneficiarios-024/202312/pda-024-icb-AP-2023_12.zip,2026-08-24T11:42:37.364706+00:00,"Wed, 05 Aug 2026 12:49:39 GMT","""7ceca-6584c345a955d""",511690,202312/pda-024-icb-AP-2023_12.zip,511690,67a9ec04a2c279cecf1308676742b5a535c5a32ea475f57a80d042f93a5abdd1,complete,
202312,BA,pda-024-icb-BA-2023_12.zip,https://dadosabertos.ans.gov.br/FTP/PDA/informacoes_consolidadas_de_beneficiarios-024/202312/pda-024-icb-BA-2023_12.zip,2026-08-24T11:43:08.929679+00:00,"Wed, 05 Aug 2026 12:49:48 GMT","""ff8b61-6584c34e7496f""",16747361,202312/pda-024-icb-BA-2023_12.zip,16747361,1840b4e5d3d33cb3ec2b9e1f0e9fb0bf5b66b65187f3374f7df111269e5ace12,complete,
202312,CE,pda-024-icb-CE-2023_12.zip,https://dadosabertos.ans.gov.br/FTP/PDA/informacoes_consolidadas_de_beneficiarios-024/202312/pda-024-icb-CE-2023_12.zip,2026-08-24T11:43:32.951308+00:00,"Wed, 05 Aug 2026 12:49:57 GMT","""771af9-6584c3576ad04""",7805689,202312/pda-024-icb-CE-2023_12.zip,7805689,f75c83a171facecae710ca058b996079f198a9398dc60fb5843a3d06e78e3193,complete,
202312,DF,pda-024-icb-DF-2023_12.zip,https://dadosabertos.ans.gov.br/FTP/PDA/informacoes_consolidadas_de_beneficiarios-024/202312/pda-024-icb-DF-2023_12.zip,2026-08-24T11:43:46.072243+00:00,"Wed, 05 Aug 2026 12:49:49 GMT","""280ce1-6584c34f1fbc2""",2624737,202312/pda-024-icb-DF-2023_12.zip,2624737,7201ad5ffa8181973abc4b48712ada7bf818dab5ab4b96727a759fc30cb3d581,complete,
202312,ES,pda-024-icb-ES-2023_12.zip,https://dadosabertos.ans.gov.br/FTP/PDA/informacoes_consolidadas_de_beneficiarios-024/202312/pda-024-icb-ES-2023_12.zip,2026-08-24T11:44:13.946121+00:00,"Wed, 05 Aug 2026 12:49:41 GMT","""8b2719-6584c347cf647""",9119513,202312/pda-024-icb-ES-2023_12.zip,9119513,09f9881fc8a1ac4f769793043ca8e5022e1d08704b523dafd258d7167e1ca670,complete,
202312,GO,pda-024-icb-GO-2023_12.zip,https://dadosabertos.ans.gov.br/FTP/PDA/informacoes_consolidadas_de_beneficiarios-024/202312/pda-024-icb-GO-2023_12.zip,2026-08-24T11:44:43.009106+00:00,"Wed, 05 Aug 2026 12:49:44 GMT","""bd020e-6584c34aa3863""",12386830,202312/pda-024-icb-GO-2023_12.zip,12386830,cdf4b2072e564abc23a41b135b713e7d72d5a458de0188c3665556845c429435,complete,
202312,MA,pda-024-icb-MA-2023_12.zip,https://dadosabertos.ans.gov.br/FTP/PDA/informacoes_consolidadas_de_beneficiarios-024/202312/pda-024-icb-MA-2023_12.zip,2026-08-24T11:45:16.100998+00:00,"Wed, 05 Aug 2026 12:49:50 GMT","""473519-6584c3503b2fb""",4666649,202312/pda-024-icb-MA-2023_12.zip,4666649,c4adfedb0d650466669e685cf16ceedc4d18b77204a825fa72efb7b154563fd9,complete,
202312,MG,pda-024-icb-MG-2023_12.zip,https://dadosabertos.ans.gov.br/FTP/PDA/informacoes_consolidadas_de_beneficiarios-024/202312/pda-024-icb-MG-2023_12.zip,2026-08-24T11:45:42.703887+00:00,"Wed, 05 Aug 2026 12:48:33 GMT","""30034a0-6584c306e1ce4""",50345120,202312/pda-024-icb-MG-2023_12.zip,50345120,250effc214be10e1554b9741bc3809e1763569cce019bea6a7959cd6e3c21e2a,complete,
202312,MS,pda-024-icb-MS-2023_12.zip,https://dadosabertos.ans.gov.br/FTP/PDA/informacoes_consolidadas_de_beneficiarios-024/202312/pda-024-icb-MS-2023_12.zip,2026-08-24T11:46:38.839191+00:00,"Wed, 05 Aug 2026 12:49:51 GMT","""48ac72-6584c3516393d""",4762738,202312/pda-024-icb-MS-2023_12.zip,4762738,955da733a71b6dcd09f46fea8f3e61b7ddbf8d6ec51d6ef3a9c167988373bc17,complete,
202312,MT,pda-024-icb-MT-2023_12.zip,https://dadosabertos.ans.gov.br/FTP/PDA/informacoes_consolidadas_de_beneficiarios-024/202312/pda-024-icb-MT-2023_12.zip,2026-08-24T11:46:56.094182+00:00,"Wed, 05 Aug 2026 12:48:36 GMT","""5962ae-6584c30943ec2""",5857966,202312/pda-024-icb-MT-2023_12.zip,5857966,c2836f8d6144c9aee86937799120fa66f78ee1117bcdf8e1e3eec8450196bd4f,complete,
202312,PA,pda-024-icb-PA-2023_12.zip,https://dadosabertos.ans.gov.br/FTP/PDA/informacoes_consolidadas_de_beneficiarios-024/202312/pda-024-icb-PA-2023_12.zip,2026-08-24T11:47:13.185531+00:00,"Wed, 05 Aug 2026 12:48:37 GMT","""564daa-6584c30a98fde""",5655978,202312/pda-024-icb-PA-2023_12.zip,5655978,f3ee2c3a07b84401d2d073507cb317959e11a1da4a26988233f9a1315d5b5770,complete,
202312,PB,pda-024-icb-PB-2023_12.zip,https://dadosabertos.ans.gov.br/FTP/PDA/informacoes_consolidadas_de_beneficiarios-024/202312/pda-024-icb-PB-2023_12.zip,2026-08-24T11:47:27.342196+00:00,"Wed, 05 Aug 2026 12:49:52 GMT","""3fd466-6584c3525e505""",4183142,202312/pda-024-icb-PB-2023_12.zip,4183142,fe82d1bc8db9e602746d40cf206d353ce4f7e2235bfbcc935e2e53e78cab8d4b,complete,
202312,PE,pda-024-icb-PE-2023_12.zip,https://dadosabertos.ans.gov.br/FTP/PDA/informacoes_consolidadas_de_beneficiarios-024/202312/pda-024-icb-PE-2023_12.zip,2026-08-24T11:48:03.906853+00:00,"Wed, 05 Aug 2026 12:48:40 GMT","""b05d75-6584c30d61292""",11558261,202312/pda-024-icb-PE-2023_12.zip,11558261,33919223585fda424e40f6ec38434c77d0df29b2f39d1d11a74d68ec908a5769,complete,
202312,PI,pda-024-icb-PI-2023_12.zip,https://dadosabertos.ans.gov.br/FTP/PDA/informacoes_consolidadas_de_beneficiarios-024/202312/pda-024-icb-PI-2023_12.zip,2026-08-24T11:48:42.438084+00:00,"Wed, 05 Aug 2026 12:49:53 GMT","""276c89-6584c352ff346""",2583689,202312/pda-024-icb-PI-2023_12.zip,2583689,cde3f46d2b2de1cebeb4ee93f58ccea7d3d00e2e99c8cf5bd25bfd0228dbd69f,complete,
202312,PR,pda-024-icb-PR-2023_12.zip,https://dadosabertos.ans.gov.br/FTP/PDA/informacoes_consolidadas_de_beneficiarios-024/202312/pda-024-icb-PR-2023_12.zip,2026-08-24T11:49:00.421238+00:00,"Wed, 05 Aug 2026 12:48:46 GMT","""1979200-6584c313935db""",26710528,202312/pda-024-icb-PR-2023_12.zip,26710528,1fdbec4b2faced22b0598dec0926e48d29a3932819accc16176d1039486fd132,complete,
202312,RJ,pda-024-icb-RJ-2023_12.zip,https://dadosabertos.ans.gov.br/FTP/PDA/informacoes_consolidadas_de_beneficiarios-024/202312/pda-024-icb-RJ-2023_12.zip,2026-08-24T11:49:53.724451+00:00,"Wed, 05 Aug 2026 12:48:54 GMT","""1d1d259-6584c31ad5cad""",30528089,202312/pda-024-icb-RJ-2023_12.zip,30528089,09391e450e48ac7212140bc49ae9c11a5e474db8c889aee4671509677540a5c2,complete,
202312,RN,pda-024-icb-RN-2023_12.zip,https://dadosabertos.ans.gov.br/FTP/PDA/informacoes_consolidadas_de_beneficiarios-024/202312/pda-024-icb-RN-2023_12.zip,2026-08-24T11:50:41.670358+00:00,"Wed, 05 Aug 2026 12:49:54 GMT","""4c8792-6584c35428929""",5015442,202312/pda-024-icb-RN-2023_12.zip,5015442,91389ad0c6595a12beaab8984709f77c81653d7a7bb8cdbfe4186adeb826502f,complete,
202312,RO,pda-024-icb-RO-2023_12.zip,https://dadosabertos.ans.gov.br/FTP/PDA/informacoes_consolidadas_de_beneficiarios-024/202312/pda-024-icb-RO-2023_12.zip,2026-08-24T11:50:56.823977+00:00,"Wed, 05 Aug 2026 12:48:55 GMT","""1b5c8b-6584c31b83228""",1793163,202312/pda-024-icb-RO-2023_12.zip,1793163,5534a1d00273ca3eef2eb851fc4dc254e32caa9e1e4f6734c7c99cf52c35cc30,complete,
202312,RR,pda-024-icb-RR-2023_12.zip,https://dadosabertos.ans.gov.br/FTP/PDA/informacoes_consolidadas_de_beneficiarios-024/202312/pda-024-icb-RR-2023_12.zip,2026-08-24T11:51:03.263928+00:00,"Wed, 05 Aug 2026 12:49:54 GMT","""3a42b-6584c3544a053""",238635,202312/pda-024-icb-RR-2023_12.zip,238635,2d26055dbe7e7998e85672ad67edcd8aafbf94be00205c5cbcbfe45174fdad6a,complete,
202312,RS,pda-024-icb-RS-2023_12.zip,https://dadosabertos.ans.gov.br/FTP/PDA/informacoes_consolidadas_de_beneficiarios-024/202312/pda-024-icb-RS-2023_12.zip,2026-08-24T11:51:37.755516+00:00,"Wed, 05 Aug 2026 12:49:01 GMT","""16672be-6584c3213b062""",23491262,202312/pda-024-icb-RS-2023_12.zip,23491262,106ef3098571ac2bd7e1d08a846f931ea26bb61b8f9228f3517a1738bdf4808b,complete,
202312,SC,pda-024-icb-SC-2023_12.zip,https://dadosabertos.ans.gov.br/FTP/PDA/informacoes_consolidadas_de_beneficiarios-024/202312/pda-024-icb-SC-2023_12.zip,2026-08-24T11:52:26.809644+00:00,"Wed, 05 Aug 2026 12:49:05 GMT","""10c2b6d-6584c3255610a""",17574765,202312/pda-024-icb-SC-2023_12.zip,17574765,6e304aac5c4f7c1ba1d60bcc00ccd465580642e4fd5855963ba94fc245c274fb,complete,
202312,SE,pda-024-icb-SE-2023_12.zip,https://dadosabertos.ans.gov.br/FTP/PDA/informacoes_consolidadas_de_beneficiarios-024/202312/pda-024-icb-SE-2023_12.zip,2026-08-24T11:52:49.721221+00:00,"Wed, 05 Aug 2026 12:49:55 GMT","""295965-6584c354f3f1d""",2709861,202312/pda-024-icb-SE-2023_12.zip,2709861,1728131dfae34051a0caf9e7e06fd942671ae6506490334096ce9f6e059e8c16,complete,
202312,SP,pda-024-icb-SP-2023_12.zip,https://dadosabertos.ans.gov.br/FTP/PDA/informacoes_consolidadas_de_beneficiarios-024/202312/pda-024-icb-SP-2023_12.zip,2026-08-24T11:53:33.831057+00:00,"Wed, 05 Aug 2026 12:49:37 GMT","""80da475-6584c3440817c""",135111797,202312/pda-024-icb-SP-2023_12.zip,135111797,402c29f9f0cae059e6d6214378d5609786f2f0513b004871ff07d4ff77a44053,complete,
202312,TO,pda-024-icb-TO-2023_12.zip,https://dadosabertos.ans.gov.br/FTP/PDA/informacoes_consolidadas_de_beneficiarios-024/202312/pda-024-icb-TO-2023_12.zip,2026-08-24T11:55:27.238726+00:00,"Wed, 05 Aug 2026 12:49:56 GMT","""1d2796-6584c3558ef9f""",1910678,202312/pda-024-icb-TO-2023_12.zip,1910678,edc0977537e2d0235eb2b8c8115c98a306c432f3c204bd6c533ddf75abf5b0fa,complete,
202312,XX,pda-024-icb-XX-2023_12.zip,https://dadosabertos.ans.gov.br/FTP/PDA/informacoes_consolidadas_de_beneficiarios-024/202312/pda-024-icb-XX-2023_12.zip,2026-08-24T11:55:35.861243+00:00,"Wed, 05 Aug 2026 12:49:37 GMT","""2b69c-6584c344261f5""",177820,202312/pda-024-icb-XX-2023_12.zip,177820,b29d91caecdb8fd6b28c5a5e7efeb51b47ebf7e730e0464275710e1acfb6de47,complete,
202412,AC,pda-024-icb-AC-2024_12.zip,https://dadosabertos.ans.gov.br/FTP/PDA/informacoes_consolidadas_de_beneficiarios-024/202412/pda-024-icb-AC-2024_12.zip,2026-08-24T11:55:43.330593+00:00,"Wed, 05 Aug 2026 13:09:21 GMT","""60ff5-6584c7acba391""",397301,202412/pda-024-icb-AC-2024_12.zip,397301,78df9d6d6fabd31f41089e0cc2e4e5041a0de00f078ba339bd837cd3f537e2dc,complete,
202412,AL,pda-024-icb-AL-2024_12.zip,https://dadosabertos.ans.gov.br/FTP/PDA/informacoes_consolidadas_de_beneficiarios-024/202412/pda-024-icb-AL-2024_12.zip,2026-08-24T11:56:03.134801+00:00,"Wed, 05 Aug 2026 13:09:22 GMT","""3140ac-6584c7ad86923""",3227820,202412/pda-024-icb-AL-2024_12.zip,3227820,67d9b6a9a0f190341c31c789895d5c4b05bca373de09622cf6c4df6d1a61fff2,complete,
202412,AM,pda-024-icb-AM-2024_12.zip,https://dadosabertos.ans.gov.br/FTP/PDA/informacoes_consolidadas_de_beneficiarios-024/202412/pda-024-icb-AM-2024_12.zip,2026-08-24T11:56:12.219133+00:00,"Wed, 05 Aug 2026 13:09:22 GMT","""1adad5-6584c7adfb459""",1759957,202412/pda-024-icb-AM-2024_12.zip,1759957,3e220851caa430cbbcd90f8407bf8c8c350dc5ac7b3cc6543e5c420b336c652c,complete,
202412,AP,pda-024-icb-AP-2024_12.zip,https://dadosabertos.ans.gov.br/FTP/PDA/informacoes_consolidadas_de_beneficiarios-024/202412/pda-024-icb-AP-2024_12.zip,2026-08-24T11:56:21.787916+00:00,"Wed, 05 Aug 2026 13:09:22 GMT","""80168-6584c7ae37164""",524648,202412/pda-024-icb-AP-2024_12.zip,524648,68fa74a6c0640c6d5427069d483fff9989c85301ff8dc9772111b31a8063ffa6,complete,
202412,BA,pda-024-icb-BA-2024_12.zip,https://dadosabertos.ans.gov.br/FTP/PDA/informacoes_consolidadas_de_beneficiarios-024/202412/pda-024-icb-BA-2024_12.zip,2026-08-24T11:57:08.650474+00:00,"Wed, 05 Aug 2026 13:09:32 GMT","""10943a3-6584c7b75613a""",17384355,202412/pda-024-icb-BA-2024_12.zip,17384355,7783921be60b460f5871052a73b43c858c2caaa69c7ea33590461219f98d7064,complete,
202412,CE,pda-024-icb-CE-2024_12.zip,https://dadosabertos.ans.gov.br/FTP/PDA/informacoes_consolidadas_de_beneficiarios-024/202412/pda-024-icb-CE-2024_12.zip,2026-08-24T11:57:49.048883+00:00,"Wed, 05 Aug 2026 13:09:42 GMT","""7be0fc-6584c7c0c1ba5""",8118524,202412/pda-024-icb-CE-2024_12.zip,8118524,da5ac1ba35415a1b17e89de8e07c0daced8729fef6a31ae12d842f2078bb5ab3,complete,
202412,DF,pda-024-icb-DF-2024_12.zip,https://dadosabertos.ans.gov.br/FTP/PDA/informacoes_consolidadas_de_beneficiarios-024/202412/pda-024-icb-DF-2024_12.zip,2026-08-24T11:58:10.510363+00:00,"Wed, 05 Aug 2026 13:09:33 GMT","""287c69-6584c7b816b4c""",2653289,202412/pda-024-icb-DF-2024_12.zip,2653289,8acb7b4acf0f121ca26167276c7bfcf3dc24393f563c492c57c3d4d053a69b5d,complete,
202412,ES,pda-024-icb-ES-2024_12.zip,https://dadosabertos.ans.gov.br/FTP/PDA/informacoes_consolidadas_de_beneficiarios-024/202412/pda-024-icb-ES-2024_12.zip,2026-08-24T11:58:36.653952+00:00,"Wed, 05 Aug 2026 13:09:25 GMT","""8cc718-6584c7b065719""",9226008,202412/pda-024-icb-ES-2024_12.zip,9226008,dbbd376010ac82c11f7a9274ccbf93917e112edb06c12fa7c499149d0f41874a,complete,
202412,GO,pda-024-icb-GO-2024_12.zip,https://dadosabertos.ans.gov.br/FTP/PDA/informacoes_consolidadas_de_beneficiarios-024/202412/pda-024-icb-GO-2024_12.zip,2026-08-24T11:59:07.737151+00:00,"Wed, 05 Aug 2026 13:09:28 GMT","""c2294c-6584c7b359ccf""",12724556,202412/pda-024-icb-GO-2024_12.zip,12724556,4d51f2e0fbcbab2e9104482767912b9efc367b9611c60002016de5b4b7ed8407,complete,
202412,MA,pda-024-icb-MA-2024_12.zip,https://dadosabertos.ans.gov.br/FTP/PDA/informacoes_consolidadas_de_beneficiarios-024/202412/pda-024-icb-MA-2024_12.zip,2026-08-24T11:59:28.604488+00:00,"Wed, 05 Aug 2026 13:09:34 GMT","""4aeba6-6584c7b949d6c""",4909990,202412/pda-024-icb-MA-2024_12.zip,4909990,5cf832b473e0197673431294fdd53218c44335e4f2fabc862dedfc3bba01e94d,complete,
202412,MG,pda-024-icb-MG-2024_12.zip,https://dadosabertos.ans.gov.br/FTP/PDA/informacoes_consolidadas_de_beneficiarios-024/202412/pda-024-icb-MG-2024_12.zip,2026-08-24T12:00:00.934800+00:00,"Wed, 05 Aug 2026 13:08:15 GMT","""3159d2a-6584c76e78482""",51748138,202412/pda-024-icb-MG-2024_12.zip,51748138,67850fe3019419d1949ace99babdcc28af5281e8b58a2c2f97764a0faf9b2bc4,complete,
202412,MS,pda-024-icb-MS-2024_12.zip,https://dadosabertos.ans.gov.br/FTP/PDA/informacoes_consolidadas_de_beneficiarios-024/202412/pda-024-icb-MS-2024_12.zip,2026-08-24T12:01:08.354640+00:00,"Wed, 05 Aug 2026 13:09:35 GMT","""490e77-6584c7ba69af2""",4787831,202412/pda-024-icb-MS-2024_12.zip,4787831,4141d017cd9e024035a7b02cec8df958a1714b7bf6fb15966f8833d5a814b2bb,complete,
202412,MT,pda-024-icb-MT-2024_12.zip,https://dadosabertos.ans.gov.br/FTP/PDA/informacoes_consolidadas_de_beneficiarios-024/202412/pda-024-icb-MT-2024_12.zip,2026-08-24T12:01:21.191267+00:00,"Wed, 05 Aug 2026 13:08:18 GMT","""5b5fb2-6584c7709165e""",5988274,202412/pda-024-icb-MT-2024_12.zip,5988274,25dab36d275d2885a43f2e1df9011862ecc0dacc9a626c46299b6a7b20910a83,complete,
202412,PA,pda-024-icb-PA-2024_12.zip,https://dadosabertos.ans.gov.br/FTP/PDA/informacoes_consolidadas_de_beneficiarios-024/202412/pda-024-icb-PA-2024_12.zip,2026-08-24T12:01:45.222932+00:00,"Wed, 05 Aug 2026 13:08:19 GMT","""5892e2-6584c7720d879""",5804770,202412/pda-024-icb-PA-2024_12.zip,5804770,9b273e4c6dd91e0e81c661365236ca9d892b5633ac59c1b9c2bcb7b2aecb7592,complete,
202412,PB,pda-024-icb-PB-2024_12.zip,https://dadosabertos.ans.gov.br/FTP/PDA/informacoes_consolidadas_de_beneficiarios-024/202412/pda-024-icb-PB-2024_12.zip,2026-08-24T12:02:23.231687+00:00,"Wed, 05 Aug 2026 13:09:36 GMT","""418933-6584c7bb690ef""",4294963,202412/pda-024-icb-PB-2024_12.zip,4294963,583c6f744d70eb6b369616d5ffa73cc1c4f437071fc6f04d3d338f16970276d0,complete,
202412,PE,pda-024-icb-PE-2024_12.zip,https://dadosabertos.ans.gov.br/FTP/PDA/informacoes_consolidadas_de_beneficiarios-024/202412/pda-024-icb-PE-2024_12.zip,2026-08-24T12:02:59.123836+00:00,"Wed, 05 Aug 2026 13:08:22 GMT","""b7ab0f-6584c774e8fbe""",12036879,202412/pda-024-icb-PE-2024_12.zip,12036879,ef6e423e2118f07c0c3956f21ac492dc223a805b588ce8d2ee9d47010221c4c5,complete,
202412,PI,pda-024-icb-PI-2024_12.zip,https://dadosabertos.ans.gov.br/FTP/PDA/informacoes_consolidadas_de_beneficiarios-024/202412/pda-024-icb-PI-2024_12.zip,2026-08-24T12:03:24.003958+00:00,"Wed, 05 Aug 2026 13:09:37 GMT","""2a7710-6584c7bc22da1""",2782992,202412/pda-024-icb-PI-2024_12.zip,2782992,dcb0a192d8676c3fff53af9a74974ec63a1936c0f06de4ef6ebe27a26a2b59a3,complete,
202412,PR,pda-024-icb-PR-2024_12.zip,https://dadosabertos.ans.gov.br/FTP/PDA/informacoes_consolidadas_de_beneficiarios-024/202412/pda-024-icb-PR-2024_12.zip,2026-08-24T12:04:06.692413+00:00,"Wed, 05 Aug 2026 13:08:29 GMT","""1a0405e-6584c77b358d7""",27279454,202412/pda-024-icb-PR-2024_12.zip,27279454,2bd9e64c60870f92a971ceb8013cf06842a686242ce8fdb7dd31c7962b12210c,complete,
202412,RJ,pda-024-icb-RJ-2024_12.zip,https://dadosabertos.ans.gov.br/FTP/PDA/informacoes_consolidadas_de_beneficiarios-024/202412/pda-024-icb-RJ-2024_12.zip,2026-08-24T12:05:34.140920+00:00,"Wed, 05 Aug 2026 13:08:36 GMT","""1d7a8eb-6584c782679dd""",30910699,202412/pda-024-icb-RJ-2024_12.zip,30910699,abbd7af4b77ce0b4bc8f74e218bf5b5b70b17e11bd0d03a4b9c931e4895562a8,complete,
202412,RN,pda-024-icb-RN-2024_12.zip,https://dadosabertos.ans.gov.br/FTP/PDA/informacoes_consolidadas_de_beneficiarios-024/202412/pda-024-icb-RN-2024_12.zip,2026-08-24T12:06:36.088836+00:00,"Wed, 05 Aug 2026 13:09:38 GMT","""4ff172-6584c7bd6d6c1""",5239154,202412/pda-024-icb-RN-2024_12.zip,5239154,7dab6df871b387d28127484bac8344ece3f29d55f21481e23a223cb07c12998a,complete,
202412,RO,pda-024-icb-RO-2024_12.zip,https://dadosabertos.ans.gov.br/FTP/PDA/informacoes_consolidadas_de_beneficiarios-024/202412/pda-024-icb-RO-2024_12.zip,2026-08-24T12:06:51.842199+00:00,"Wed, 05 Aug 2026 13:08:37 GMT","""1c802d-6584c78315725""",1867821,202412/pda-024-icb-RO-2024_12.zip,1867821,21abb1a9985261c5a1942cf177f0010e03f53bc5e10543d893f460cb7d45ed88,complete,
202412,RR,pda-024-icb-RR-2024_12.zip,https://dadosabertos.ans.gov.br/FTP/PDA/informacoes_consolidadas_de_beneficiarios-024/202412/pda-024-icb-RR-2024_12.zip,2026-08-24T12:07:18.827751+00:00,"Wed, 05 Aug 2026 13:09:38 GMT","""386a6-6584c7bd89fcb""",231078,202412/pda-024-icb-RR-2024_12.zip,231078,93d09acf59276eda0c6e46605afda1d6a8688ff71452174943277ddf719198bf,complete,
202412,RS,pda-024-icb-RS-2024_12.zip,https://dadosabertos.ans.gov.br/FTP/PDA/informacoes_consolidadas_de_beneficiarios-024/202412/pda-024-icb-RS-2024_12.zip,2026-08-24T12:08:14.851763+00:00,"Wed, 05 Aug 2026 13:08:43 GMT","""16d0d34-6584c788e11b9""",23924020,202412/pda-024-icb-RS-2024_12.zip,23924020,2f07f000a893e1bdf046500be5a3be357fa01f1a27bddde6b7fb062f8621bc97,complete,
202412,SC,pda-024-icb-SC-2024_12.zip,https://dadosabertos.ans.gov.br/FTP/PDA/informacoes_consolidadas_de_beneficiarios-024/202412/pda-024-icb-SC-2024_12.zip,2026-08-24T12:09:15.752031+00:00,"Wed, 05 Aug 2026 13:08:48 GMT","""1100600-6584c78d150c7""",17827328,202412/pda-024-icb-SC-2024_12.zip,17827328,c7d99113aed0ebd0ef35ce34a45d2bd3f13efcc3d10d48c4dd4a4712c5d51b71,complete,
202412,SE,pda-024-icb-SE-2024_12.zip,https://dadosabertos.ans.gov.br/FTP/PDA/informacoes_consolidadas_de_beneficiarios-024/202412/pda-024-icb-SE-2024_12.zip,2026-08-24T12:09:51.068349+00:00,"Wed, 05 Aug 2026 13:09:39 GMT","""2baab4-6584c7be4a9dd""",2861748,202412/pda-024-icb-SE-2024_12.zip,2861748,568ecf4fca723d6eae95229b0660e1a7231b3aa6abd6572ab47814e86f4f7ba0,complete,
202412,SP,pda-024-icb-SP-2024_12.zip,https://dadosabertos.ans.gov.br/FTP/PDA/informacoes_consolidadas_de_beneficiarios-024/202412/pda-024-icb-SP-2024_12.zip,2026-08-24T12:11:06.927759+00:00,"Wed, 05 Aug 2026 13:09:20 GMT","""82ff0e9-6584c7ac732d5""",137359593,202412/pda-024-icb-SP-2024_12.zip,137359593,25e995fde8bc07c0d66dfa9f607b874c60efaab958234efe86535f6dd34effb5,complete,
202412,TO,pda-024-icb-TO-2024_12.zip,https://dadosabertos.ans.gov.br/FTP/PDA/informacoes_consolidadas_de_beneficiarios-024/202412/pda-024-icb-TO-2024_12.zip,2026-08-24T12:13:01.968375+00:00,"Wed, 05 Aug 2026 13:09:40 GMT","""1dbe56-6584c7becfeb3""",1949270,202412/pda-024-icb-TO-2024_12.zip,1949270,00078ca1df754402c8d1eec2a13c2bf4a24664f628c081dc10d127ba84d4d5e2,complete,
202412,XX,pda-024-icb-XX-2024_12.zip,https://dadosabertos.ans.gov.br/FTP/PDA/informacoes_consolidadas_de_beneficiarios-024/202412/pda-024-icb-XX-2024_12.zip,2026-08-24T12:13:11.945588+00:00,"Wed, 05 Aug 2026 13:09:21 GMT","""2660b-6584c7ac91b1f""",157195,202412/pda-024-icb-XX-2024_12.zip,157195,a9a1dcb5357b064d5739f34ca1764709abf106e7feb4d2e13edddff8a897d56c,complete,
202512,AC,pda-024-icb-AC-2025_12.zip,https://dadosabertos.ans.gov.br/FTP/PDA/informacoes_consolidadas_de_beneficiarios-024/202512/pda-024-icb-AC-2025_12.zip,2026-08-24T12:13:20.582398+00:00,"Wed, 05 Aug 2026 13:29:45 GMT","""5ff63-6584cc3ccc638""",393059,202512/pda-024-icb-AC-2025_12.zip,393059,77d3e2c80cbb5614a9fe4196a11f792f6361b003c56d53a958d9355b9fce8326,complete,
202512,AL,pda-024-icb-AL-2025_12.zip,https://dadosabertos.ans.gov.br/FTP/PDA/informacoes_consolidadas_de_beneficiarios-024/202512/pda-024-icb-AL-2025_12.zip,2026-08-24T12:13:39.520732+00:00,"Wed, 05 Aug 2026 13:29:46 GMT","""326e35-6584cc3daa8f6""",3305013,202512/pda-024-icb-AL-2025_12.zip,3305013,d8f66d88dc222bbf64615e822a405182b319dd2220b3617b93c15310ac1dc5ac,complete,
202512,AM,pda-024-icb-AM-2025_12.zip,https://dadosabertos.ans.gov.br/FTP/PDA/informacoes_consolidadas_de_beneficiarios-024/202512/pda-024-icb-AM-2025_12.zip,2026-08-24T12:13:50.015989+00:00,"Wed, 05 Aug 2026 13:29:47 GMT","""1b7f33-6584cc3e35f76""",1802035,202512/pda-024-icb-AM-2025_12.zip,1802035,a9e17dbb850105d66624f4aa7191c03c82b607379d98e339aa5c5efb9d4ac2ae,complete,
202512,AP,pda-024-icb-AP-2025_12.zip,https://dadosabertos.ans.gov.br/FTP/PDA/informacoes_consolidadas_de_beneficiarios-024/202512/pda-024-icb-AP-2025_12.zip,2026-08-24T12:13:59.171498+00:00,"Wed, 05 Aug 2026 13:29:47 GMT","""845da-6584cc3e65931""",542170,202512/pda-024-icb-AP-2025_12.zip,542170,b20120be8f18a6e485987b957bf78da62e54535f3452f1b2de04f3ef21c13bc6,complete,
202512,BA,pda-024-icb-BA-2025_12.zip,https://dadosabertos.ans.gov.br/FTP/PDA/informacoes_consolidadas_de_beneficiarios-024/202512/pda-024-icb-BA-2025_12.zip,2026-08-24T12:14:45.163036+00:00,"Wed, 05 Aug 2026 13:29:57 GMT","""1192232-6584cc4807eb8""",18424370,202512/pda-024-icb-BA-2025_12.zip,18424370,0fc81137a9a31e69df36a40d89e1e4bf1cb82a81a1d3f41af01ec4094d2013b8,complete,
202512,CE,pda-024-icb-CE-2025_12.zip,https://dadosabertos.ans.gov.br/FTP/PDA/informacoes_consolidadas_de_beneficiarios-024/202512/pda-024-icb-CE-2025_12.zip,2026-08-24T12:15:39.451312+00:00,"Wed, 05 Aug 2026 13:30:08 GMT","""7f4edf-6584cc52a5bbf""",8343263,202512/pda-024-icb-CE-2025_12.zip,8343263,5bc6c2438590847a82fa2954580624e8a9d6b5c55b18c19b387c975171bc3da7,complete,
202512,DF,pda-024-icb-DF-2025_12.zip,https://dadosabertos.ans.gov.br/FTP/PDA/informacoes_consolidadas_de_beneficiarios-024/202512/pda-024-icb-DF-2025_12.zip,2026-08-24T12:16:07.414759+00:00,"Wed, 05 Aug 2026 13:29:58 GMT","""291b71-6584cc48d0d9d""",2694001,202512/pda-024-icb-DF-2025_12.zip,2694001,0b511a93f2d760d043783064c6a92a0f7e980dfb3d923a00b90e3bcd539ec8b8,complete,
202512,ES,pda-024-icb-ES-2025_12.zip,https://dadosabertos.ans.gov.br/FTP/PDA/informacoes_consolidadas_de_beneficiarios-024/202512/pda-024-icb-ES-2025_12.zip,2026-08-24T12:16:37.513645+00:00,"Wed, 05 Aug 2026 13:29:50 GMT","""91a590-6584cc40a4c75""",9545104,202512/pda-024-icb-ES-2025_12.zip,9545104,f7afd80b3676bb4b081a977410b1b54f45689e74b48f79718a1a48547a414d32,complete,
202512,GO,pda-024-icb-GO-2025_12.zip,https://dadosabertos.ans.gov.br/FTP/PDA/informacoes_consolidadas_de_beneficiarios-024/202512/pda-024-icb-GO-2025_12.zip,2026-08-24T12:17:26.395229+00:00,"Wed, 05 Aug 2026 13:29:53 GMT","""c82fb9-6584cc439673b""",13119417,202512/pda-024-icb-GO-2025_12.zip,13119417,e60d69d60a4f1e36282fc04b25729ad4fd1d976bee861e6614f64535ca39f681,complete,
202512,MA,pda-024-icb-MA-2025_12.zip,https://dadosabertos.ans.gov.br/FTP/PDA/informacoes_consolidadas_de_beneficiarios-024/202512/pda-024-icb-MA-2025_12.zip,2026-08-24T12:17:44.871988+00:00,"Wed, 05 Aug 2026 13:30:00 GMT","""4f9a82-6584cc4a43b4b""",5216898,202512/pda-024-icb-MA-2025_12.zip,5216898,3d8597f3e4415009289ad317e3adf45bcb8c44e0fc994bdb8be9d569820246c1,complete,
202512,MG,pda-024-icb-MG-2025_12.zip,https://dadosabertos.ans.gov.br/FTP/PDA/informacoes_consolidadas_de_beneficiarios-024/202512/pda-024-icb-MG-2025_12.zip,2026-08-24T12:18:50.982007+00:00,"Wed, 05 Aug 2026 13:28:39 GMT","""3239816-6584cbfd36503""",52664342,202512/pda-024-icb-MG-2025_12.zip,52664342,57efec64d1df8507c81724010141aea1a6ea98ca311b99996619c380c67e5469,complete,
202512,MS,pda-024-icb-MS-2025_12.zip,https://dadosabertos.ans.gov.br/FTP/PDA/informacoes_consolidadas_de_beneficiarios-024/202512/pda-024-icb-MS-2025_12.zip,2026-08-24T12:19:59.383851+00:00,"Wed, 05 Aug 2026 13:30:01 GMT","""4a856d-6584cc4bb130a""",4883821,202512/pda-024-icb-MS-2025_12.zip,4883821,4c260af10c305ecc2697ead84810b01111e3bfad2de416c7ebe02cce86a32e23,complete,
202512,MT,pda-024-icb-MT-2025_12.zip,https://dadosabertos.ans.gov.br/FTP/PDA/informacoes_consolidadas_de_beneficiarios-024/202512/pda-024-icb-MT-2025_12.zip,2026-08-24T12:20:18.745391+00:00,"Wed, 05 Aug 2026 13:28:41 GMT","""5d7d66-6584cbff525c4""",6126950,202512/pda-024-icb-MT-2025_12.zip,6126950,97f7eb9154498898ac5a83a77d03fc221774a9907ff9f3c3b68050b5e869b482,complete,
202512,PA,pda-024-icb-PA-2025_12.zip,https://dadosabertos.ans.gov.br/FTP/PDA/informacoes_consolidadas_de_beneficiarios-024/202512/pda-024-icb-PA-2025_12.zip,2026-08-24T12:20:35.016092+00:00,"Wed, 05 Aug 2026 13:28:43 GMT","""5c4397-6584cc00c863b""",6046615,202512/pda-024-icb-PA-2025_12.zip,6046615,7db85bafbc71d3023812c958ba079e4e0ff5184d37df4b5a99fa7f43ea6ca940,complete,
202512,PB,pda-024-icb-PB-2025_12.zip,https://dadosabertos.ans.gov.br/FTP/PDA/informacoes_consolidadas_de_beneficiarios-024/202512/pda-024-icb-PB-2025_12.zip,2026-08-24T12:20:48.911357+00:00,"Wed, 05 Aug 2026 13:30:02 GMT","""424f20-6584cc4ceed25""",4345632,202512/pda-024-icb-PB-2025_12.zip,4345632,d61c05609268d2d867ceee12310c68929903f54fe15ca3a675cc9533ea82ed48,complete,
202512,PE,pda-024-icb-PE-2025_12.zip,https://dadosabertos.ans.gov.br/FTP/PDA/informacoes_consolidadas_de_beneficiarios-024/202512/pda-024-icb-PE-2025_12.zip,2026-08-24T12:21:16.232618+00:00,"Wed, 05 Aug 2026 13:28:46 GMT","""bd78ef-6584cc03bef22""",12417263,202512/pda-024-icb-PE-2025_12.zip,12417263,2d02d7503abff90e05824917a3db32d47d1d0ca2c8bb1125a40a7b4912cc9be5,complete,
202512,PI,pda-024-icb-PI-2025_12.zip,https://dadosabertos.ans.gov.br/FTP/PDA/informacoes_consolidadas_de_beneficiarios-024/202512/pda-024-icb-PI-2025_12.zip,2026-08-24T12:21:39.220458+00:00,"Wed, 05 Aug 2026 13:30:03 GMT","""2cec00-6584cc4dc33a2""",2944000,202512/pda-024-icb-PI-2025_12.zip,2944000,1a2c0acddeda2b9e294b22f70603cc9e4f0628d68770789cf8365256c75b6b0a,complete,
202512,PR,pda-024-icb-PR-2025_12.zip,https://dadosabertos.ans.gov.br/FTP/PDA/informacoes_consolidadas_de_beneficiarios-024/202512/pda-024-icb-PR-2025_12.zip,2026-08-24T12:22:14.817297+00:00,"Wed, 05 Aug 2026 13:28:52 GMT","""1a94eea-6584cc0a3c1a8""",27873002,202512/pda-024-icb-PR-2025_12.zip,27873002,c35610cbf89cea649ca50ac0409da251610b2bb2dfdc316e41c53326f403df11,complete,
202512,RJ,pda-024-icb-RJ-2025_12.zip,https://dadosabertos.ans.gov.br/FTP/PDA/informacoes_consolidadas_de_beneficiarios-024/202512/pda-024-icb-RJ-2025_12.zip,2026-08-24T12:23:10.376807+00:00,"Wed, 05 Aug 2026 13:29:00 GMT","""1eaec73-6584cc11ce1ee""",32173171,202512/pda-024-icb-RJ-2025_12.zip,32173171,a15d67414ce0dced77ddd33e91becc9cae631ecfab4f4c314a034c0a6383ea1a,complete,
202512,RN,pda-024-icb-RN-2025_12.zip,https://dadosabertos.ans.gov.br/FTP/PDA/informacoes_consolidadas_de_beneficiarios-024/202512/pda-024-icb-RN-2025_12.zip,2026-08-24T12:23:48.724454+00:00,"Wed, 05 Aug 2026 13:30:05 GMT","""535d72-6584cc4f593d3""",5463410,202512/pda-024-icb-RN-2025_12.zip,5463410,92879ab0cc1a7a4682a3ef42bc0745ae89f6458127aa6d3f2cdf514b59c5dfe0,complete,
202512,RO,pda-024-icb-RO-2025_12.zip,https://dadosabertos.ans.gov.br/FTP/PDA/informacoes_consolidadas_de_beneficiarios-024/202512/pda-024-icb-RO-2025_12.zip,2026-08-24T12:24:08.031436+00:00,"Wed, 05 Aug 2026 13:29:01 GMT","""1da69a-6584cc12876d2""",1943194,202512/pda-024-icb-RO-2025_12.zip,1943194,097a9d6a116b8b2cbbb4ad7ccd501c5d80b559d449a5556438d69cda221c6bd1,complete,
202512,RR,pda-024-icb-RR-2025_12.zip,https://dadosabertos.ans.gov.br/FTP/PDA/informacoes_consolidadas_de_beneficiarios-024/202512/pda-024-icb-RR-2025_12.zip,2026-08-24T12:24:14.450787+00:00,"Wed, 05 Aug 2026 13:30:05 GMT","""3a527-6584cc4f735cd""",238887,202512/pda-024-icb-RR-2025_12.zip,238887,ba0d0d478c18720038f0ccc81214b0f7c05f5c76f94914fc153ec6892aa0a7be,complete,
202512,RS,pda-024-icb-RS-2025_12.zip,https://dadosabertos.ans.gov.br/FTP/PDA/informacoes_consolidadas_de_beneficiarios-024/202512/pda-024-icb-RS-2025_12.zip,2026-08-24T12:24:46.974220+00:00,"Wed, 05 Aug 2026 13:29:07 GMT","""1744448-6584cc18237ba""",24396872,202512/pda-024-icb-RS-2025_12.zip,24396872,7cec3b35ef6125ec8d1fe7520b78ae8cd35f1070374f89146fd070dc653830b3,complete,
202512,SC,pda-024-icb-SC-2025_12.zip,https://dadosabertos.ans.gov.br/FTP/PDA/informacoes_consolidadas_de_beneficiarios-024/202512/pda-024-icb-SC-2025_12.zip,2026-08-24T12:25:20.496177+00:00,"Wed, 05 Aug 2026 13:29:12 GMT","""11b5d02-6584cc1c6c2dd""",18570498,202512/pda-024-icb-SC-2025_12.zip,18570498,f104bdec5204fa5af7aa7bcce76c034bfd066cd73eb19ec14f3cbe8af5a6c6bf,complete,
202512,SE,pda-024-icb-SE-2025_12.zip,https://dadosabertos.ans.gov.br/FTP/PDA/informacoes_consolidadas_de_beneficiarios-024/202512/pda-024-icb-SE-2025_12.zip,2026-08-24T12:25:57.516196+00:00,"Wed, 05 Aug 2026 13:30:06 GMT","""2d4219-6584cc5031100""",2966041,202512/pda-024-icb-SE-2025_12.zip,2966041,a03c6e3063970c2f7b3d3817f3177e5ce547facdcf693250fa60b7e9c9d7fc1c,complete,
202512,SP,pda-024-icb-SP-2025_12.zip,https://dadosabertos.ans.gov.br/FTP/PDA/informacoes_consolidadas_de_beneficiarios-024/202512/pda-024-icb-SP-2025_12.zip,2026-08-24T12:28:09.366832+00:00,"Wed, 05 Aug 2026 13:29:45 GMT","""8857ab8-6584cc3c87c8c""",142965432,202512/pda-024-icb-SP-2025_12.zip,142965432,ff5fe3c15dd338aa4c7a35568c4f0451c93b363167a1517f9b828ae65bd8d61f,complete,
202512,TO,pda-024-icb-TO-2025_12.zip,https://dadosabertos.ans.gov.br/FTP/PDA/informacoes_consolidadas_de_beneficiarios-024/202512/pda-024-icb-TO-2025_12.zip,2026-08-24T12:29:57.716056+00:00,"Wed, 05 Aug 2026 13:30:06 GMT","""1e1d6b-6584cc50bd339""",1973611,202512/pda-024-icb-TO-2025_12.zip,1973611,6516cd6440fd790528df9233ad3c28f76d98d8a1566f9ccdf098228ae3adc2e9,complete,
202512,XX,pda-024-icb-XX-2025_12.zip,https://dadosabertos.ans.gov.br/FTP/PDA/informacoes_consolidadas_de_beneficiarios-024/202512/pda-024-icb-XX-2025_12.zip,2026-08-24T12:30:16.165121+00:00,"Wed, 05 Aug 2026 13:29:45 GMT","""242bb-6584cc3ca16b6""",148155,202512/pda-024-icb-XX-2025_12.zip,148155,809c66221f20e2c11ce446a926af89c92d7fd5019381cc77ee132b505905125e,complete,
